id,name,sale_ok,landed_cost_ok,purchase_ok,shipping_ok,type,uom_id,list_price,default_code,cost_method,uom_po_id,route_ids,description_purchase,weight_net,packaging_ids/qty,packaging_ids/ul,description_sale,categ_id,valuation,property_stock_account_input,property_stock_account_output,property_account_income,taxes_id_XXX,property_account_expense,property_account_creditor_price_difference,supplier_taxes_id_XXX
product.product_set_1,FOFO ชุดมีดเซรามิกด้ามสีพร้อมฐานวาง + เขียงไม้เนื้อแข็ง 26x38 ซม. (ฟรี หม้อด้าม 16 ซม.),True,True,True,False,Stockable Product,Unit(s),,CN201-Green+WC101,Average Price,Unit(s),,,,,,,Saleable,Real Time (automated),113000,113000,411000,218100,511000,514000,116100
product.product_set_2,FOFO ชุด มีด เซรามิก ด้ามสีใบมีดดำ  + เขียง ไม้เนื้อแข็ง 26x38 ซม. (ฟรี หม้อด้าม 16 ซม.),True,True,True,False,Stockable Product,Unit(s),,CN202-Black+WC101,Average Price,Unit(s),,,,,,,Saleable,Real Time (automated),113000,113000,411000,218100,511000,514000,116100
product.product_set_3,FOFO ชุดมีดเซรามิกด้ามไม้พร้อมฐานวาง + เขียงไม้เนื้อแข็ง แถม ผ้าเช็ดมือชุดกระโปรง (คละสี),True,True,True,False,Stockable Product,Unit(s),,CN203+WC101,Average Price,Unit(s),,,,,,,Saleable,Real Time (automated),113000,113000,411000,218100,511000,514000,116100
product.product_set_4,FOFO ชุดแก้ว ชา/กาแฟ เซรามิก พร้อมจานรอง - สีดำ (2 ใบ),True,True,True,False,Stockable Product,Unit(s),,CS3102D-black,Average Price,Unit(s),,,,,,,Saleable,Real Time (automated),113000,113000,411000,218100,511000,514000,116100
product.product_set_5,FOFO ชุด แก้ว กาแฟ เซรามิก 250 ML. - สีดำ/ชมพู (4 ใบ),True,True,True,False,Stockable Product,Unit(s),,"CS3102D-black,pink",Average Price,Unit(s),,,,,,,Saleable,Real Time (automated),113000,113000,411000,218100,511000,514000,116100
product.product_set_6,FOFO ชุด แก้ว กาแฟ ขนาดกะทัดรัด - สีส้ม 4 ใบ/ชุด (ฟรี แก้วกาแฟ 2 ใบ),True,True,True,False,Stockable Product,Unit(s),,CS3102D-orange*6,Average Price,Unit(s),,,,,,,Saleable,Real Time (automated),113000,113000,411000,218100,511000,514000,116100
product.product_set_7,FOFO ชุดแก้ว ชา/กาแฟ เซรามิก พร้อมจานรอง - สีม่วง (2 ใบ),True,True,True,False,Stockable Product,Unit(s),,CS3102D-purple,Average Price,Unit(s),,,,,,,Saleable,Real Time (automated),113000,113000,411000,218100,511000,514000,116100
product.product_set_8,FOFO ชุดแก้วกาแฟเซรามิก โทนธรรมชาติ (3 ใบ/ชุด),True,True,True,False,Stockable Product,Unit(s),,CS3102Q-earthtone,Average Price,Unit(s),,,,,,,Saleable,Real Time (automated),113000,113000,411000,218100,511000,514000,116100
product.product_set_9,FOFO แก้ว กาแฟ เซรามิก ทรงสามเหลี่ยม. - เขียวมะนาว 4 ใบ/ชุด,True,True,True,False,Stockable Product,Unit(s),,CS3102Q-Lime,Average Price,Unit(s),,,,,,,Saleable,Real Time (automated),113000,113000,411000,218100,511000,514000,116100
product.product_set_10,FOFO ชุด แก้ว กาแฟ เซรามิก ฐานโค้ง 220 ML. - สีฟ้า/ชมพู (4 ใบ),True,True,True,False,Stockable Product,Unit(s),,"CS3102Q-pink,blue",Average Price,Unit(s),,,,,,,Saleable,Real Time (automated),113000,113000,411000,218100,511000,514000,116100
product.product_set_11,FOFO แก้ว กาแฟ เซรามิก ฐานโค้ง 220 ML. - สีม่วงแก่ 4 ใบ/ชุด,True,True,True,False,Stockable Product,Unit(s),,CS3102Q-purple,Average Price,Unit(s),,,,,,,Saleable,Real Time (automated),113000,113000,411000,218100,511000,514000,116100
product.product_set_12,FOFO แก้วมัค เซรามิก อเนกประสงค์ ขนาดใหญ่ - สีม่วง 2 ใบ/ชุด,True,True,True,False,Stockable Product,Unit(s),,CS3102Q-purple*2,Average Price,Unit(s),,,,,,,Saleable,Real Time (automated),113000,113000,411000,218100,511000,514000,116100
product.product_set_13,FOFO 4 ใบ/ชุด แก้ว กาแฟ เซรามิก ฐานโค้ง 220 ML. - สีม่วง/ชมพู,True,True,True,False,Stockable Product,Unit(s),,"CS3102Q-purple,pink",Average Price,Unit(s),,,,,,,Saleable,Real Time (automated),113000,113000,411000,218100,511000,514000,116100
product.product_set_14,FOFO แก้ว กาแฟ เซรามิก ฐานโค้ง 220 ML. - สีแดงสด 4 ใบ/ชุด,True,True,True,False,Stockable Product,Unit(s),,CS3102Q-redblood,Average Price,Unit(s),,,,,,,Saleable,Real Time (automated),113000,113000,411000,218100,511000,514000,116100
product.product_set_15,FOFO แก้ว กาแฟ เซรามิก ฐานโค้ง 220 ML. - สีเหลืองสด 4 ใบ/ชุด,True,True,True,False,Stockable Product,Unit(s),,CS3102Q-Yellow,Average Price,Unit(s),,,,,,,Saleable,Real Time (automated),113000,113000,411000,218100,511000,514000,116100
product.product_set_16,FOFO ชุด แก้ว กาแฟ เซรามิก ทรงแปดเหลี่ยม 250 ML. - สีฟ้าเข้ม (4 ใบ),True,True,True,False,Stockable Product,Unit(s),,CS3102T-blue,Average Price,Unit(s),,,,,,,Saleable,Real Time (automated),113000,113000,411000,218100,511000,514000,116100
product.product_set_17,FOFO ชุด แก้ว รินนม เซรามิก 220 ML. - สีฟ้า/เทา (4 ใบ),True,True,True,False,Stockable Product,Unit(s),,"CS3104-blue,grey",Average Price,Unit(s),,,,,,,Saleable,Real Time (automated),113000,113000,411000,218100,511000,514000,116100
product.product_set_18,FOFO ชุด แก้ว รินนม เซรามิก 220 ML. - สีส้ม/น้ำตาล (4ใบ),True,True,True,False,Stockable Product,Unit(s),,"CS3104-orange,brown",Average Price,Unit(s),,,,,,,Saleable,Real Time (automated),113000,113000,411000,218100,511000,514000,116100
product.product_set_19,FOFO ชุด 6 ใบ จานเซรามิก ทรงตื้นมีขอบ - ขาวครีม (6นิ้ว),True,True,True,False,Stockable Product,Unit(s),,cw1106 - 6,Average Price,Unit(s),,,,,,,Saleable,Real Time (automated),113000,113000,411000,218100,511000,514000,116100
product.product_set_20,FOFO ชุด 6 ใบ จานเซรามิก ทรงตื้นมีขอบ (8นิ้ว) - ขาวครีม,True,True,True,False,Stockable Product,Unit(s),,cw1108 x 6p,Average Price,Unit(s),,,,,,,Saleable,Real Time (automated),113000,113000,411000,218100,511000,514000,116100
product.product_set_21,FOFO ชุด 6 ใบ จานเซรามิก ทรงตื้นมีขอบ (9นิ้ว) - ขาวครีม,True,True,True,False,Stockable Product,Unit(s),,cw1109 x 6p,Average Price,Unit(s),,,,,,,Saleable,Real Time (automated),113000,113000,411000,218100,511000,514000,116100
product.product_set_22,FOFO ชุด จานเซรามิก ทรงตื้น  6 ใบ/ ชุด (10นิ้ว) -  ขาวครีม,True,True,True,False,Stockable Product,Unit(s),,CW1210 - 6,Average Price,Unit(s),,,,,,,Saleable,Real Time (automated),113000,113000,411000,218100,511000,514000,116100
product.product_set_23,FOFO ชุด จานเซรามิก ทรงลึก 6 ใบ/ ชุด (8นิ้ว) - ขาวครีม,True,True,True,False,Stockable Product,Unit(s),,CW1308 - 6,Average Price,Unit(s),,,,,,,Saleable,Real Time (automated),113000,113000,411000,218100,511000,514000,116100
product.product_set_24,FOFO ชุด จานเซรามิก ทรงลึก 4 ใบ/ ชุด (8/9นิ้ว) - ขาวครีม,True,True,True,False,Stockable Product,Unit(s),,CW130809 - 4,Average Price,Unit(s),,,,,,,Saleable,Real Time (automated),113000,113000,411000,218100,511000,514000,116100
product.product_set_25,FOFO ชุด จาน เซรามิก ทรงลึก - สีขาว/ครีม 6 ใบ/ชุด (9นิ้ว),True,True,True,False,Stockable Product,Unit(s),,CW1309 - 6,Average Price,Unit(s),,,,,,,Saleable,Real Time (automated),113000,113000,411000,218100,511000,514000,116100
product.product_set_26,FOFO ชุด จานเซรามิก ทรงลึก 6 ใบ/ ชุด (10นิ้ว) - ขาวครีม,True,True,True,False,Stockable Product,Unit(s),,CW1310 - 6,Average Price,Unit(s),,,,,,,Saleable,Real Time (automated),113000,113000,411000,218100,511000,514000,116100
product.product_set_27,FOFO ชุดถ้วยเซรามิก ขาวล้วน  3 ใบ/ ชุด (6/7/8 นิ้ว),True,True,True,False,Stockable Product,Unit(s),,CW14060708,Average Price,Unit(s),,,,,,,Saleable,Real Time (automated),113000,113000,411000,218100,511000,514000,116100
product.product_set_28,FOFO ชุดถ้วยเซรามิก ขาวล้วน ขอบหนา 2 ใบ/ ชุด (7.8/9 นิ้ว),True,True,True,False,Stockable Product,Unit(s),,CW150809,Average Price,Unit(s),,,,,,,Saleable,Real Time (automated),113000,113000,411000,218100,511000,514000,116100
product.product_set_29,FOFO ชุด จาน เซรามิก ขาวล้วน 3 ใบ/ ชุด (21/23.5/27 ซม.),True,True,True,False,Stockable Product,Unit(s),,cw2108910,Average Price,Unit(s),,,,,,,Saleable,Real Time (automated),113000,113000,411000,218100,511000,514000,116100
product.product_set_30,FOFO ชุด เบาะรองนั่ง + หมอนรองหลัง ลดอุณหภูมิ  ม้าไม้,True,True,True,False,Stockable Product,Unit(s),,E01,Average Price,Unit(s),,,,,,,Saleable,Real Time (automated),113000,113000,411000,218100,511000,514000,116100
product.product_set_31,FOFO ชุด เบาะรองนั่ง + หมอนรองหลัง ลดอุณหภูมิ  เชอร์รี่,True,True,True,False,Stockable Product,Unit(s),,E02,Average Price,Unit(s),,,,,,,Saleable,Real Time (automated),113000,113000,411000,218100,511000,514000,116100
product.product_set_32,FOFO ชุด เบาะรองนั่ง + หมอนรองหลัง ลดอุณหภูมิ สตอร์เบอร์รี่,True,True,True,False,Stockable Product,Unit(s),,EC0,Average Price,Unit(s),,,,,,,Saleable,Real Time (automated),113000,113000,411000,218100,511000,514000,116100
product.product_set_33,FOFO ชุด ฝาปิดซิลิโคนขนาดใหญ่  ถนอมอาหาร ร้อน เย็น + ขนาดเล็ก (สีฟ้า),True,True,True,False,Stockable Product,Unit(s),,EC02G231722-Blue-Set,Average Price,Unit(s),,,,,,,Saleable,Real Time (automated),113000,113000,411000,218100,511000,514000,116100
product.product_set_34,FOFO ชุด ฝาปิดซิลิโคนขนาดใหญ่ ถนอมอาหาร ร้อน เย็น  ขนาดเล็ก (สีเขียว),True,True,True,False,Stockable Product,Unit(s),,EC02G231722-Green-Set,Average Price,Unit(s),,,,,,,Saleable,Real Time (automated),113000,113000,411000,218100,511000,514000,116100
product.product_set_35,FOFO ชุด ฝาปิดซิลิโคนขนาดใหญ่ ถนอมอาหาร ร้อน เย็น + ขนาดเล็ก (สีชมพู),True,True,True,False,Stockable Product,Unit(s),,EC02G231722-Pink-Set,Average Price,Unit(s),,,,,,,Saleable,Real Time (automated),113000,113000,411000,218100,511000,514000,116100
product.product_set_36,FOFO ช้อนไม้สำหรับทานขนมหวาน (สีน้ำตาล) 10 คัน/ชุด,True,True,True,False,Stockable Product,Unit(s),,EC030314*10,Average Price,Unit(s),,,,,,,Saleable,Real Time (automated),113000,113000,411000,218100,511000,514000,116100
product.product_set_37,FOFO ชุด เบาะรองนั่ง + หมอนรองหลัง ลดอุณหภูมิ หอไอเฟล,True,True,True,False,Stockable Product,Unit(s),,EC04BZ81+EC04BD72,Average Price,Unit(s),,,,,,,Saleable,Real Time (automated),113000,113000,411000,218100,511000,514000,116100
product.product_set_38,FOFO King Bathing ชุดฝักบัวสปาน้ำแร่ เพิ่มแรงดันน้ำ (ใหญ่) 2 อัน/ชุด (สีใส),True,True,True,False,Stockable Product,Unit(s),,EC05D101*2,Average Price,Unit(s),,,,,,,Saleable,Real Time (automated),113000,113000,411000,218100,511000,514000,116100
product.product_set_39,FOFO King Bathing ชุดฝักบัวสปาน้ำแร่ เพิ่มแรงดันน้ำ (ใหญ่) 2 อัน/ชุด (สีฟ้า),True,True,True,False,Stockable Product,Unit(s),,EC05D102*2,Average Price,Unit(s),,,,,,,Saleable,Real Time (automated),113000,113000,411000,218100,511000,514000,116100
product.product_set_40,FOFO ชุดฝักบัวสปาน้ำแร่ เพิ่มแรงดันน้ำ (เล็ก) 2 อัน/ชุด (สีใส),True,True,True,False,Stockable Product,Unit(s),,EC05M101*2,Average Price,Unit(s),,,,,,,Saleable,Real Time (automated),113000,113000,411000,218100,511000,514000,116100
product.product_set_41,King Bathing ชุดฝักบัวสปาน้ำแร่ เพิ่มแรงดันน้ำ (เล็ก) 2 อัน/ชุด (สีฟ้า),True,True,True,False,Stockable Product,Unit(s),,EC05M102*2,Average Price,Unit(s),,,,,,,Saleable,Real Time (automated),113000,113000,411000,218100,511000,514000,116100
product.product_set_42,FOFO King Bathing ชุดฝักบัวสปาน้ำแร่ เพิ่มแรงดันน้ำ (กลาง) 2 อัน/ชุด (สีใส),True,True,True,False,Stockable Product,Unit(s),,EC05X101*2,Average Price,Unit(s),,,,,,,Saleable,Real Time (automated),113000,113000,411000,218100,511000,514000,116100
product.product_set_43,FOFO King Bathing ชุดฝักบัวสปาน้ำแร่ เพิ่มแรงดันน้ำ (กลาง) 2 อัน/ชุด (สีฟ้า),True,True,True,False,Stockable Product,Unit(s),,EC05X102*2,Average Price,Unit(s),,,,,,,Saleable,Real Time (automated),113000,113000,411000,218100,511000,514000,116100
product.product_set_44,FOFO ชุดหม้อเคลือบ non-stick 3 ใบ/ชุด,True,True,True,False,Stockable Product,Unit(s),,EC0630162024-Set,Average Price,Unit(s),,,,,,,Saleable,Real Time (automated),113000,113000,411000,218100,511000,514000,116100
product.product_set_45,FOFO กา แก้วชงชา / แก้วชงกาแฟสด ทรงตรง 500 ml. แถมฟรี ช้อนกาแฟ 2 คัน,True,True,True,False,Stockable Product,Unit(s),,GA1500,Average Price,Unit(s),,,,,,,Saleable,Real Time (automated),113000,113000,411000,218100,511000,514000,116100
product.product_set_46,FOFO กาแก้วชงชา ทรงโค้ง  500 ml. แถมฟรี ช้อนกาแฟ 2 คัน,True,True,True,False,Stockable Product,Unit(s),,GA1509,Average Price,Unit(s),,,,,,,Saleable,Real Time (automated),113000,113000,411000,218100,511000,514000,116100
product.product_set_47,FOFO ชุด กาแก้วชงชา ทรงโค้ง 500 ml. 2ใบ แถมฟรี ช้อนกาแฟ 4 คัน,True,True,True,False,Stockable Product,Unit(s),,GA1509*2promo,Average Price,Unit(s),,,,,,,Saleable,Real Time (automated),113000,113000,411000,218100,511000,514000,116100
product.product_set_48,FOFO ชุด กาแก้วชงชา ทรงโค้ง 500 ml. 2ใบ แถมฟรี ช้อนกาแฟ 4 คัน,True,True,True,False,Stockable Product,Unit(s),,GA15092,Average Price,Unit(s),,,,,,,Saleable,Real Time (automated),113000,113000,411000,218100,511000,514000,116100
product.product_set_49,FOFO ชุด ถาดเคลือบ ลายดอก ตีตรา HONGKONG 40+45 CM (2ใบ/ชุด),True,True,True,False,Stockable Product,Unit(s),,KB14045,Average Price,Unit(s),,,,,,,Saleable,Real Time (automated),113000,113000,411000,218100,511000,514000,116100
product.product_set_50,FOFO ชุดเครื่องครัว สุดคุ้ม SET 1 (แถมกะละมังล้างผัก ไซส์ 22),True,True,True,False,Stockable Product,Unit(s),,LA013-set1,Average Price,Unit(s),,,,,,,Saleable,Real Time (automated),113000,113000,411000,218100,511000,514000,116100
product.product_set_51,FOFO ชุด อุปกรณ์เบเกอรี่ ครบครัน 6 อย่าง (คละสีคละแบบ) แถมฟรี ชุดช้อนตวงแฟนซี ,True,True,True,False,Stockable Product,Unit(s),,LA015-bakery set,Average Price,Unit(s),,,,,,,Saleable,Real Time (automated),113000,113000,411000,218100,511000,514000,116100
product.product_set_52,"FOFO ชุด กระทะ เคลือบเซรามิก 24,26,28 ซม. 3 ใบ/ชุด (นำเข้าเกาหลี) ฟรี ชุดอุปกรณ์ทำครัว 6 ชิ้น",True,True,True,False,Stockable Product,Unit(s),,LA024-Pan Set,Average Price,Unit(s),,,,,,,Saleable,Real Time (automated),113000,113000,411000,218100,511000,514000,116100
product.product_set_53,FOFO Family Set ชุด ถ้วย ไม้ Chestnut  แฮนด์เมด 12.5 ซม. (4 ใบ/ชุด) ฟรี แก้วเซรามิก 2 ใบ (คละสีคละแบบ),True,True,True,False,Stockable Product,Unit(s),,LA025-Set,Average Price,Unit(s),,,,,,,Saleable,Real Time (automated),113000,113000,411000,218100,511000,514000,116100
product.product_set_54,FOFO Family Set ชุด ถ้วย ไม้ Chestnut  แฮนด์เมด 11 ซม. (4 ใบ/ชุด) ฟรี แก้วเซรามิก 2 ใบ (คละสีคละแบบ),True,True,True,False,Stockable Product,Unit(s),,LA025-Set-small,Average Price,Unit(s),,,,,,,Saleable,Real Time (automated),113000,113000,411000,218100,511000,514000,116100
product.product_set_55,FOFO ชุด เครื่องครัว สุดคุ้ม SET 3 แถมฟรี ช้อนส้อมสเตนเลส 2 คู่,True,True,True,False,Stockable Product,Unit(s),,LA027-SET,Average Price,Unit(s),,,,,,,Saleable,Real Time (automated),113000,113000,411000,218100,511000,514000,116100
product.product_set_56,FOFO ชุดน้ำชา/กาแฟ กา แก้วชงชาทรงตรง + แก้วน้ำชาเซรามิคเจ้าหญิงพร้อมจานรอง 3 ใบ,True,True,True,False,Stockable Product,Unit(s),,LA028,Average Price,Unit(s),,,,,,,Saleable,Real Time (automated),113000,113000,411000,218100,511000,514000,116100
product.product_set_57,FOFO หม้อเคลือบ ลายดอก พร้อมตะแกรงภายใน (ถอดได้) 24 ซม.,True,True,True,False,Stockable Product,Unit(s),,LA029-24,Average Price,Unit(s),,,,,,,Saleable,Real Time (automated),113000,113000,411000,218100,511000,514000,116100
product.product_set_58,FOFO ชุดอุปกรณ์ทำครัว 6 ชิ้น,True,True,True,False,Stockable Product,Unit(s),,PK107,Average Price,Unit(s),,,,,,,Saleable,Real Time (automated),113000,113000,411000,218100,511000,514000,116100
product.product_set_59,FOFO ชุดแผ่นซิลิโคนรองทำเบเกอรี่ พร้อมไม้คลึงแป้งซิลิโคน - สีเขียว,True,True,True,False,Stockable Product,Unit(s),,PL102+PJ201-Green,Average Price,Unit(s),,,,,,,Saleable,Real Time (automated),113000,113000,411000,218100,511000,514000,116100
product.product_set_60,FOFO ชุดแผ่นซิลิโคนรองทำเบเกอรี่ พร้อมไม้คลึงแป้งซิลิโคน - สีส้ม,True,True,True,False,Stockable Product,Unit(s),,PL102+PJ201-Orange,Average Price,Unit(s),,,,,,,Saleable,Real Time (automated),113000,113000,411000,218100,511000,514000,116100
product.product_set_61,FOFO ชุดแผ่นซิลิโคนรองทำเบเกอรี่ พร้อมไม้คลึงแป้งซิลิโคน - สีแดง,True,True,True,False,Stockable Product,Unit(s),,PL102+PJ201-Red,Average Price,Unit(s),,,,,,,Saleable,Real Time (automated),113000,113000,411000,218100,511000,514000,116100
product.product_set_62,FOFO ชุด ถาดมงคล 3 สี สเตนเลส -ทอง/เงินรมดำ/ทองสีกุหลาบ,True,True,True,False,Stockable Product,Unit(s),,SB1112GBR,Average Price,Unit(s),,,,,,,Saleable,Real Time (automated),113000,113000,411000,218100,511000,514000,116100
product.product_set_63,FOFO ชุดถาดกลมสเตนเลส  30CM 35CM 40CM (3 ใบ/ชุด),True,True,True,False,Stockable Product,Unit(s),,SB1121416,Average Price,Unit(s),,,,,,,Saleable,Real Time (automated),113000,113000,411000,218100,511000,514000,116100
product.product_set_64,FOFO จาน สเตนเลส 8 นิ้ว 12 ใบ/ชุด,True,True,True,False,Stockable Product,Unit(s),,sb308-12P,Average Price,Unit(s),,,,,,,Saleable,Real Time (automated),113000,113000,411000,218100,511000,514000,116100
product.product_set_65,FOFO ชุด ถาดหลุม สเตนเลส 28 ซม. 6 ใบ (แถมฟรี ช้อนส้อมสเตนเลส 6 คู่),True,True,True,False,Stockable Product,Unit(s),,SB528-6,Average Price,Unit(s),,,,,,,Saleable,Real Time (automated),113000,113000,411000,218100,511000,514000,116100
product.product_set_66,FOFO กะละมัง กังนัม 18 ซม. (2ใบ/ชุด),True,True,True,False,Stockable Product,Unit(s),,SC1318*2,Average Price,Unit(s),,,,,,,Saleable,Real Time (automated),113000,113000,411000,218100,511000,514000,116100
product.product_set_67,FOFO กะละมัง กังนัม หนา ขนาด 18/22/26 ซม. 3 ใบ / ชุด (สีเงิน),True,True,True,False,Stockable Product,Unit(s),,SC13182226,Average Price,Unit(s),,,,,,,Saleable,Real Time (automated),113000,113000,411000,218100,511000,514000,116100
product.product_set_68,FOFO กะละมัง กังนัม 20 ซม. (2ใบ/ชุด),True,True,True,False,Stockable Product,Unit(s),,SC1320*2,Average Price,Unit(s),,,,,,,Saleable,Real Time (automated),113000,113000,411000,218100,511000,514000,116100
product.product_set_69,FOFO กะละมัง กังนัม หนา ขนาด 20/24/28 ซม. 3 ใบ / ชุด (สีเงิน),True,True,True,False,Stockable Product,Unit(s),,SC13202428,Average Price,Unit(s),,,,,,,Saleable,Real Time (automated),113000,113000,411000,218100,511000,514000,116100
product.product_set_70,FOFO กะละมัง กังนัม 22 ซม. (2ใบ/ชุด),True,True,True,False,Stockable Product,Unit(s),,SC1322*2,Average Price,Unit(s),,,,,,,Saleable,Real Time (automated),113000,113000,411000,218100,511000,514000,116100
product.product_set_71,FOFO กะละมัง กังนัม 24 ซม. (2ใบ/ชุด),True,True,True,False,Stockable Product,Unit(s),,SC1324*2,Average Price,Unit(s),,,,,,,Saleable,Real Time (automated),113000,113000,411000,218100,511000,514000,116100
product.product_set_72,FOFO กะละมัง กังนัม 26 ซม. (2ใบ/ชุด),True,True,True,False,Stockable Product,Unit(s),,SC1326*2,Average Price,Unit(s),,,,,,,Saleable,Real Time (automated),113000,113000,411000,218100,511000,514000,116100
product.product_set_73,FOFO กะละมังผสม กังนัม 28 ซม. (2ใบ/ชุด),True,True,True,False,Stockable Product,Unit(s),,SC1328*2,Average Price,Unit(s),,,,,,,Saleable,Real Time (automated),113000,113000,411000,218100,511000,514000,116100
product.product_set_74,FOFO กะละมังผสม กังนัม 30 ซม. (2ใบ/ชุด),True,True,True,False,Stockable Product,Unit(s),,SC1330*2,Average Price,Unit(s),,,,,,,Saleable,Real Time (automated),113000,113000,411000,218100,511000,514000,116100
product.product_set_75,FOFO กะละมัง กังนัม 32 ซม. (2ใบ/ชุด),True,True,True,False,Stockable Product,Unit(s),,SC1332*2,Average Price,Unit(s),,,,,,,Saleable,Real Time (automated),113000,113000,411000,218100,511000,514000,116100
product.product_set_76,FOFO กะละมังกังนัม 34 ซม. (2ใบ/ชุด),True,True,True,False,Stockable Product,Unit(s),,SC1334*2,Average Price,Unit(s),,,,,,,Saleable,Real Time (automated),113000,113000,411000,218100,511000,514000,116100
product.product_set_77,FOFO ชุด ชาม ผสมแป้ง สเตนเลส ขนาด 24/27/30 ซม. (1 ชุด 3 ใบ),True,True,True,False,Stockable Product,Unit(s),,SC2242730,Average Price,Unit(s),,,,,,,Saleable,Real Time (automated),113000,113000,411000,218100,511000,514000,116100
product.product_set_78,FOFO ชาม ผสมแป้ง 24 ซม.3ใบ/ชุด,True,True,True,False,Stockable Product,Unit(s),,SC224-3,Average Price,Unit(s),,,,,,,Saleable,Real Time (automated),113000,113000,411000,218100,511000,514000,116100
product.product_set_79,FOFO ชาม ผสมแป้ง 27 ซม.3ใบ/ชุด,True,True,True,False,Stockable Product,Unit(s),,SC227-3,Average Price,Unit(s),,,,,,,Saleable,Real Time (automated),113000,113000,411000,218100,511000,514000,116100
product.product_set_80,FOFO ชาม ผสมแป้ง 30 ซม.2ใบ/ชุด,True,True,True,False,Stockable Product,Unit(s),,SC230-2,Average Price,Unit(s),,,,,,,Saleable,Real Time (automated),113000,113000,411000,218100,511000,514000,116100
product.product_set_81,FOFO ชาม ผสมแป้ง 33 ซม. 2 ใบ/ชุด,True,True,True,False,Stockable Product,Unit(s),,SC233-2P,Average Price,Unit(s),,,,,,,Saleable,Real Time (automated),113000,113000,411000,218100,511000,514000,116100
product.product_set_82,FOFO ชุด ชามผสมแป้ง สเตนเลส 3 ใบ 33/36/40 ซม.,True,True,True,False,Stockable Product,Unit(s),,SC2333640,Average Price,Unit(s),,,,,,,Saleable,Real Time (automated),113000,113000,411000,218100,511000,514000,116100
product.product_set_83,FOFO ชามผสม แป้ง 36 ซม. 2 ใบ/ชุด,True,True,True,False,Stockable Product,Unit(s),,SC236*2,Average Price,Unit(s),,,,,,,Saleable,Real Time (automated),113000,113000,411000,218100,511000,514000,116100
product.product_set_84,FOFO ชาม ผสมแป้ง 40 ซม. 2 ใบ/ชุด,True,True,True,False,Stockable Product,Unit(s),,SC240*2,Average Price,Unit(s),,,,,,,Saleable,Real Time (automated),113000,113000,411000,218100,511000,514000,116100
product.product_set_85,FOFO ชุดกะละมัง ล้างผัก 3 ใบ 22CM/ 26CM/ 30CM,True,True,True,False,Stockable Product,Unit(s),,SC7222630,Average Price,Unit(s),,,,,,,Saleable,Real Time (automated),113000,113000,411000,218100,511000,514000,116100
product.product_set_86,FOFO กะละมังล้างผัก รูเล็กมีหู 28 ซม. (2ใบ/ชุด),True,True,True,False,Stockable Product,Unit(s),,SC928*2,Average Price,Unit(s),,,,,,,Saleable,Real Time (automated),113000,113000,411000,218100,511000,514000,116100
product.product_set_87,FOFO กะละมัง ล้างผัก รูเล็กมีหู 30 ซม. (2ใบ/ชุด),True,True,True,False,Stockable Product,Unit(s),,SC930*2,Average Price,Unit(s),,,,,,,Saleable,Real Time (automated),113000,113000,411000,218100,511000,514000,116100
product.product_set_88,FOFO กะละมัง ล้างผัก รูเล็กมีหู 32 ซม. (2ใบ/ชุด),True,True,True,False,Stockable Product,Unit(s),,SC932*2,Average Price,Unit(s),,,,,,,Saleable,Real Time (automated),113000,113000,411000,218100,511000,514000,116100
product.product_set_89,FOFO กะละมัง ล้างผัก รูเล็กมีหู 36 ซม. (2ใบ/ชุด),True,True,True,False,Stockable Product,Unit(s),,SC936*2,Average Price,Unit(s),,,,,,,Saleable,Real Time (automated),113000,113000,411000,218100,511000,514000,116100
product.product_set_90,FOFO กะละมัง ล้างผัก รูเล็กมีหู 40 ซม. (2ใบ/ชุด),True,True,True,False,Stockable Product,Unit(s),,SC940*2,Average Price,Unit(s),,,,,,,Saleable,Real Time (automated),113000,113000,411000,218100,511000,514000,116100
product.product_set_91,FOFO ชุด ถ้วย บรรจุอาหาร สไตล์เกาหลี 900 ML. 2 ใบ/ชุด (คละสี),True,True,True,False,Stockable Product,Unit(s),,SD1101-SET,Average Price,Unit(s),,,,,,,Saleable,Real Time (automated),113000,113000,411000,218100,511000,514000,116100
product.product_set_92,FOFO ชุด หม้อสองหู และ หม้อด้าม (อย่างหนา) ฝาแก้ว + สเตนเลส Sunlight,True,True,True,False,Stockable Product,Unit(s),,SD1216+20-SET,Average Price,Unit(s),,,,,,,Saleable,Real Time (automated),113000,113000,411000,218100,511000,514000,116100
product.product_set_93,FOFO ชุดหม้อด้าม สเตนเลส ฝาแก้ว 2 ใบ,True,True,True,False,Stockable Product,Unit(s),,SD21623,Average Price,Unit(s),,,,,,,Saleable,Real Time (automated),113000,113000,411000,218100,511000,514000,116100
product.product_set_94,FOFO ชุด หม้อสุกี้ สเตนเลส 26 ซม. + กระบวยตักสุกี้ 2 ด้าม- สแตนเลส,True,True,True,False,Stockable Product,Unit(s),,SD626+2p,Average Price,Unit(s),,,,,,,Saleable,Real Time (automated),113000,113000,411000,218100,511000,514000,116100
product.product_set_95,FOFO ชุดหม้อสุกี้ 3 ใบ (แถมฟรี กระบวยตักสุกี้ 3 ด้าม),True,True,True,False,Stockable Product,Unit(s),,sd6263,Average Price,Unit(s),,,,,,,Saleable,Real Time (automated),113000,113000,411000,218100,511000,514000,116100
product.product_set_96,FOFO หม้อสุกี้ สเตนเลส 2 ช่อง - สีเงิน,True,True,True,False,Stockable Product,Unit(s),,SD628,Average Price,Unit(s),,,,,,,Saleable,Real Time (automated),113000,113000,411000,218100,511000,514000,116100
product.product_set_97,FOFO ชุด หม้อสุกี้ สเตนเลส 2 ช่อง + กระบวยตักสุกี้ 2 ด้าม - Silver,True,True,True,False,Stockable Product,Unit(s),,SD628+2p,Average Price,Unit(s),,,,,,,Saleable,Real Time (automated),113000,113000,411000,218100,511000,514000,116100
product.product_set_98,FOFO ถังน้ำสเตนเลส มีหูหิ้ว ขนาด 28 ซม. 3 ใบ/ชุด,True,True,True,False,Stockable Product,Unit(s),,SE228*3,Average Price,Unit(s),,,,,,,Saleable,Real Time (automated),113000,113000,411000,218100,511000,514000,116100
product.product_set_99,FOFO ถังน้ำสเตนเลส มีหูหิ้ว ขนาด 32 ซม. 3 ใบ/ชุด,True,True,True,False,Stockable Product,Unit(s),,SE232*3,Average Price,Unit(s),,,,,,,Saleable,Real Time (automated),113000,113000,411000,218100,511000,514000,116100
product.product_set_100,FOFO Lover Set ชุด กระติกน้ำ สุญญากาศ เก็บอุณหภูมิ ฝาล็อก - สีน้ำเงิน (2 ใบ/ชุด),True,True,True,False,Stockable Product,Unit(s),,SG73545-SET Blue,Average Price,Unit(s),,,,,,,Saleable,Real Time (automated),113000,113000,411000,218100,511000,514000,116100
product.product_set_101,FOFO Lover Set ชุด กระติกน้ำ สุญญากาศ เก็บอุณหภูมิ ฝาล็อก - สีน้ำตาลทอง (2 ใบ/ชุด),True,True,True,False,Stockable Product,Unit(s),,SG73545-SET Golden brown,Average Price,Unit(s),,,,,,,Saleable,Real Time (automated),113000,113000,411000,218100,511000,514000,116100
product.product_set_102,FOFO Lover Set ชุด กระติกน้ำ สุญญากาศ เก็บอุณหภูมิ ฝาล็อก - สีชมพู (2 ใบ/ชุด),True,True,True,False,Stockable Product,Unit(s),,SG73545-SET Pink,Average Price,Unit(s),,,,,,,Saleable,Real Time (automated),113000,113000,411000,218100,511000,514000,116100
product.product_set_103,FOFO Lover Set ชุด กระติกน้ำ สุญญากาศ เก็บอุณหภูมิ ฝาล็อก - สีขาว (2 ใบ/ชุด),True,True,True,False,Stockable Product,Unit(s),,SG73545-SET White,Average Price,Unit(s),,,,,,,Saleable,Real Time (automated),113000,113000,411000,218100,511000,514000,116100
product.product_set_104,FOFO เหยือกกาแฟ สเตนเลส เก็บอุณหภูมิ ร้อน/เย็น ขนาด 2 ลิตร,True,True,True,False,Stockable Product,Unit(s),,SH520*,Average Price,Unit(s),,,,,,,Saleable,Real Time (automated),113000,113000,411000,218100,511000,514000,116100
product.product_set_105,FOFO ชุด กระบวย และ ตะหลิว สเตนเลสล้วน 2 ด้าม/ชุด,True,True,True,False,Stockable Product,Unit(s),,SI802021-SET,Average Price,Unit(s),,,,,,,Saleable,Real Time (automated),113000,113000,411000,218100,511000,514000,116100
product.product_set_106,FOFO ชุด กระบวย + ตะหลิว สเตนเลสด้ามดำแบกกะไลต์ (2 ด้าม/ชุด),True,True,True,False,Stockable Product,Unit(s),,SI811112-SET,Average Price,Unit(s),,,,,,,Saleable,Real Time (automated),113000,113000,411000,218100,511000,514000,116100
product.product_set_107,FOFO ชุดถ้วยไม้ Chestnut เคลือบเงาลายไม้ + ช้อนไม้พุทรา (สีน้ำตาล) 2 ชุด/4 ชิ้น,True,True,True,False,Stockable Product,Unit(s),,WD301-Set,Average Price,Unit(s),,,,,,,Saleable,Real Time (automated),113000,113000,411000,218100,511000,514000,116100
product.product_set_108,FOFO ชุดตะหลิว + กระบวยไม้พุทรา (สีน้ำตาล) 2 ด้าม/ชุด,True,True,True,False,Stockable Product,Unit(s),,WD302-Set,Average Price,Unit(s),,,,,,,Saleable,Real Time (automated),113000,113000,411000,218100,511000,514000,116100
product.product_set_109,FOFO ชุดอุปกรณ์ทำครัว (สีน้ำตาล) เซ็ต 4 ชิ้น,True,True,True,False,Stockable Product,Unit(s),,WD303-Set,Average Price,Unit(s),,,,,,,Saleable,Real Time (automated),113000,113000,411000,218100,511000,514000,116100
product.product_set_110,CCG ตะแกรง ปิ้งปลา อลูมิเนียม 6 อัน/ ชุด,True,True,True,False,Stockable Product,Unit(s),,0-0001/1*6,Average Price,Unit(s),,,,,,,Saleable,Real Time (automated),113000,113000,411000,218100,511000,514000,116100
product.product_set_111,CCG ถาดปลาอลูมิเนียม (ไซส์ใหญ่) ชุด 6 ถาด,True,True,True,False,Stockable Product,Unit(s),,0-0051*6,Average Price,Unit(s),,,,,,,Saleable,Real Time (automated),113000,113000,411000,218100,511000,514000,116100
product.product_set_112,CCG ถาดปลาอลูมิเนียม (ไซส์กลาง) ชุด 6 ถาด,True,True,True,False,Stockable Product,Unit(s),,0-0052*6,Average Price,Unit(s),,,,,,,Saleable,Real Time (automated),113000,113000,411000,218100,511000,514000,116100
product.product_set_113,CCG เตาอลูมิเนียม สำหรับเสิร์ฟ 6 เตา/ชุด,True,True,True,False,Stockable Product,Unit(s),,0-0401*6,Average Price,Unit(s),,,,,,,Saleable,Real Time (automated),113000,113000,411000,218100,511000,514000,116100
product.product_set_114,CCG ถาดปลาอลูมิเนียม + เตาอลูมิเนียม (ไซส์ใหญ่),True,True,True,False,Stockable Product,Unit(s),,0051+0401,Average Price,Unit(s),,,,,,,Saleable,Real Time (automated),113000,113000,411000,218100,511000,514000,116100
product.product_set_115,CCG ถาดปลาอลูมิเนียม + เตาอลูมิเนียม (ไซส์กลาง),True,True,True,False,Stockable Product,Unit(s),,0052+0401,Average Price,Unit(s),,,,,,,Saleable,Real Time (automated),113000,113000,411000,218100,511000,514000,116100
product.product_set_116,CCG หม้ออบ อลูมิเนียม (ใหญ่) 6 ใบ/ชุด,True,True,True,False,Stockable Product,Unit(s),,0-0701*6,Average Price,Unit(s),,,,,,,Saleable,Real Time (automated),113000,113000,411000,218100,511000,514000,116100
product.product_set_117,CCG หม้ออบ อลูมิเนียม (กลาง) 6 ใบ/ชุด,True,True,True,False,Stockable Product,Unit(s),,0-0702*6,Average Price,Unit(s),,,,,,,Saleable,Real Time (automated),113000,113000,411000,218100,511000,514000,116100
product.product_set_118,CCG หม้ออบ อลูมิเนียม (เล็ก) 6 ใบ/ชุด,True,True,True,False,Stockable Product,Unit(s),,0-0703*6,Average Price,Unit(s),,,,,,,Saleable,Real Time (automated),113000,113000,411000,218100,511000,514000,116100
product.product_set_119,CCG ทัพพี / ทัพพีสเตนเลส ลายไทย ปลายแหลม (ใหญ่) ตราฟูจิ 6 ด้าม/ชุด เบอร์ 1,True,True,True,False,Stockable Product,Unit(s),,05-0501*6,Average Price,Unit(s),,,,,,,Saleable,Real Time (automated),113000,113000,411000,218100,511000,514000,116100
product.product_set_120,CCG ทัพพี / ทัพพีสเตนเลส ลายไทย ปลายแหลม  (กลาง) ตราฟูจิ 6 ด้าม/ชุด เบอร์ 2,True,True,True,False,Stockable Product,Unit(s),,05-0502*6,Average Price,Unit(s),,,,,,,Saleable,Real Time (automated),113000,113000,411000,218100,511000,514000,116100
product.product_set_121,CCG ทัพพี / ทัพพีสเตนเลส ลายไทย ปลายแหลม ตราฟูจิ (เล็ก) 6 ด้าม/ชุด เบอร์ 3,True,True,True,False,Stockable Product,Unit(s),,05-0503*6,Average Price,Unit(s),,,,,,,Saleable,Real Time (automated),113000,113000,411000,218100,511000,514000,116100
product.product_set_122,CCG ทัพพี / ทัพพีสเตนเลส ลายไทย ปลายมน 6 ด้าม/ชุด เบอร์ 2 (กลาง),True,True,True,False,Stockable Product,Unit(s),,05-0602*6,Average Price,Unit(s),,,,,,,Saleable,Real Time (automated),113000,113000,411000,218100,511000,514000,116100
product.product_set_123,CCG 6 ด้าม/ชุด เบอร์ 3 (เล็ก) ทัพพี / ทัพพีสเตนเลส ลายไทย ปลายมน ตราฟูจิ,True,True,True,False,Stockable Product,Unit(s),,05-0603*6,Average Price,Unit(s),,,,,,,Saleable,Real Time (automated),113000,113000,411000,218100,511000,514000,116100
product.product_set_124,CCG 6 อัน/ชุด 7.5 ซม. ขาหมู สเตนเลส สำหรับทำขนมขาหมู (ตือคาโค),True,True,True,False,Stockable Product,Unit(s),,37-0008*6,Average Price,Unit(s),,,,,,,Saleable,Real Time (automated),113000,113000,411000,218100,511000,514000,116100
product.product_set_125,CCG 6 อัน/ชุด 5.5 ซม. ขาหมู สเตนเลส สำหรับทำขนมขาหมู (ตือคาโค),True,True,True,False,Stockable Product,Unit(s),,37-0009*6,Average Price,Unit(s),,,,,,,Saleable,Real Time (automated),113000,113000,411000,218100,511000,514000,116100
product.product_set_126,CCG 6 ด้าม/ชุด (ใหญ่) กระบวย สเตนเลส (ก๊งเหล้า),True,True,True,False,Stockable Product,Unit(s),,37-0010*6,Average Price,Unit(s),,,,,,,Saleable,Real Time (automated),113000,113000,411000,218100,511000,514000,116100
product.product_set_127,CCG 2 ด้าม/ชุด กระบวย สเตนเลส (กีงเหล้า) เล็ก + ใหญ่,True,True,True,False,Stockable Product,Unit(s),,37-0010-11,Average Price,Unit(s),,,,,,,Saleable,Real Time (automated),113000,113000,411000,218100,511000,514000,116100
product.product_set_128,CCG 6 ด้าม/ชุด (เล็ก) กระบวย สเตนเลส (ก๊งเหล้า),True,True,True,False,Stockable Product,Unit(s),,37-0011*6,Average Price,Unit(s),,,,,,,Saleable,Real Time (automated),113000,113000,411000,218100,511000,514000,116100
product.product_set_129,CCG  ถ้วยขนมจีบ / ติ่มซำ สเตนเลส 12 ใบ,True,True,True,False,Stockable Product,Unit(s),,40-704*12,Average Price,Unit(s),,,,,,,Saleable,Real Time (automated),113000,113000,411000,218100,511000,514000,116100
product.product_set_130,CCG ถ้วยขนมจีบ / ถ้วยติ่มซำ สเตนเลส 24 ใบ,True,True,True,False,Stockable Product,Unit(s),,40-704*24,Average Price,Unit(s),,,,,,,Saleable,Real Time (automated),113000,113000,411000,218100,511000,514000,116100
product.product_set_131,CCG ชุด มีด / มีดปอกผลไม้ ปลายแหลม สเตนเลส ด้ามดอกเหลือง 12 เล่ม,True,True,True,False,Stockable Product,Unit(s),,40-P111*12,Average Price,Unit(s),,,,,,,Saleable,Real Time (automated),113000,113000,411000,218100,511000,514000,116100
product.product_set_132,CCG มีด / มีดปอกผลไม้ ปลายแหลม สเตนเลส ด้ามดอกดำ 12 เล่ม/ชุด,True,True,True,False,Stockable Product,Unit(s),,40-P111/1*12,Average Price,Unit(s),,,,,,,Saleable,Real Time (automated),113000,113000,411000,218100,511000,514000,116100
product.product_set_133,CCG ชุด มีด / มีดปอกผลไม้ ปลายแหลม สเตนเลส ด้ามเจาะรู 12 เล่ม - สีเหลือง,True,True,True,False,Stockable Product,Unit(s),,40-P222*12,Average Price,Unit(s),,,,,,,Saleable,Real Time (automated),113000,113000,411000,218100,511000,514000,116100
product.product_set_134,CCG มีด / มีดปอกผลไม้ ปลายแหลม สเตนเลส ด้ามเจาะรู (สีดำ) 12 เล่ม/ชุด,True,True,True,False,Stockable Product,Unit(s),,40-P222/1*12,Average Price,Unit(s),,,,,,,Saleable,Real Time (automated),113000,113000,411000,218100,511000,514000,116100
product.product_set_135,CCG 12 เล่ม/ชุด ไซส์ 10 นิ้ว กรรไกรคีบของร้อน ชุบซิงค์,True,True,True,False,Stockable Product,Unit(s),,46-310*12,Average Price,Unit(s),,,,,,,Saleable,Real Time (automated),113000,113000,411000,218100,511000,514000,116100
product.product_set_136,CCG 6 เล่ม/ชุด กรรไกรคีบของร้อน ชุบซิงค์ 10 + 12 นิ้ว,True,True,True,False,Stockable Product,Unit(s),,46-310+12*6,Average Price,Unit(s),,,,,,,Saleable,Real Time (automated),113000,113000,411000,218100,511000,514000,116100
product.product_set_137,CCG 12 เล่ม/ชุด ไซส์ 12 นิ้ว กรรไกรคีบของร้อน ชุบซิงค์,True,True,True,False,Stockable Product,Unit(s),,46-312*12,Average Price,Unit(s),,,,,,,Saleable,Real Time (automated),113000,113000,411000,218100,511000,514000,116100
product.product_set_138,CCG มีด / มีดด้าม สเตนเลส ปลายแหลม (สแตนเลสทั้งด้าม) 6 เล่ม/ชุด,True,True,True,False,Stockable Product,Unit(s),,46-501*6,Average Price,Unit(s),,,,,,,Saleable,Real Time (automated),113000,113000,411000,218100,511000,514000,116100
product.product_set_139,CCG มีด / มีดด้าม สเตนเลส ปลายตัดเฉียง (สเตนเลสทั้งด้าม) 6 เล่ม/ชุด,True,True,True,False,Stockable Product,Unit(s),,46-502*6,Average Price,Unit(s),,,,,,,Saleable,Real Time (automated),113000,113000,411000,218100,511000,514000,116100
product.product_set_140,CCG มีดด้าม สเตนเลส ปลายโค้ง (สเตนเลสทั้งด้าม) 6 เล่ม/ชุด,True,True,True,False,Stockable Product,Unit(s),,46-503*6,Average Price,Unit(s),,,,,,,Saleable,Real Time (automated),113000,113000,411000,218100,511000,514000,116100
product.product_set_141,CCG ที่ขูดมะพร้าว 2 หัว 12 ด้าม,True,True,True,False,Stockable Product,Unit(s),,50-0007*12,Average Price,Unit(s),,,,,,,Saleable,Real Time (automated),113000,113000,411000,218100,511000,514000,116100
product.product_set_142,CCG มีดด้ามดำ ปลายสันเฉียง ขนาด 6 นิ้ว 6 เล่ม/ชุด,True,True,True,False,Stockable Product,Unit(s),,P666*12,Average Price,Unit(s),,,,,,,Saleable,Real Time (automated),113000,113000,411000,218100,511000,514000,116100
product.product_set_143,CCG ชุด ตะเกียบ / ตะเกียบเมลามีน - สีขาวครีม 10 แพ็ค,True,True,True,False,Stockable Product,Unit(s),,PD101*10,Average Price,Unit(s),,,,,,,Saleable,Real Time (automated),113000,113000,411000,218100,511000,514000,116100
product.product_set_144,CCG 30 ชุด ตะเกียบ / ตะเกียบเมลามีน - สีเหลืองครีม,True,True,True,False,Stockable Product,Unit(s),,PD101*30,Average Price,Unit(s),,,,,,,Saleable,Real Time (automated),113000,113000,411000,218100,511000,514000,116100
product.product_set_145,CCG  (6 ชุด 12 ใบ)  36X27 ซม. ชุด ถาด ถาดเหลี่ยมสเตนเลส รองของทอด - Silver,True,True,True,False,Stockable Product,Unit(s),,SA13627*6,Average Price,Unit(s),,,,,,,Saleable,Real Time (automated),113000,113000,411000,218100,511000,514000,116100
product.product_set_146,CCG  (6 ชุด 12 ใบ)  40 x 30 ซม. ชุด ถาด ถาดเหลี่ยมสเตนเลส รองของทอด - Silver,True,True,True,False,Stockable Product,Unit(s),,SA14030*6,Average Price,Unit(s),,,,,,,Saleable,Real Time (automated),113000,113000,411000,218100,511000,514000,116100
product.product_set_147,CCG  (6 ชุด 12 ใบ)  45 x 35 ซม. ชุด ถาด ถาดเหลี่ยมสเตนเลส รองของทอด - Silver,True,True,True,False,Stockable Product,Unit(s),,SA14535*6,Average Price,Unit(s),,,,,,,Saleable,Real Time (automated),113000,113000,411000,218100,511000,514000,116100
product.product_set_148,CCG  (6 ชุด 12 ใบ)  50 x 35 ซม. ชุด ถาด ถาดเหลี่ยมสเตนเลส รองของทอด - Silver,True,True,True,False,Stockable Product,Unit(s),,SA15035*6,Average Price,Unit(s),,,,,,,Saleable,Real Time (automated),113000,113000,411000,218100,511000,514000,116100
product.product_set_149,CCG  (6 ชุด 12 ใบ)  60 x 40 ซม. ชุด ถาด ถาดเหลี่ยมสเตนเลส รองของทอด - Silver,True,True,True,False,Stockable Product,Unit(s),,SA16040*6,Average Price,Unit(s),,,,,,,Saleable,Real Time (automated),113000,113000,411000,218100,511000,514000,116100
product.product_set_150,CCG ถาด / ถาดสเตนเลส มีที่จับ ขนาด 33 x 24 ซม. (6 ใบ/ชุด),True,True,True,False,Stockable Product,Unit(s),,SA232242*6,Average Price,Unit(s),,,,,,,Saleable,Real Time (automated),113000,113000,411000,218100,511000,514000,116100
product.product_set_151,CCG ถาด / ถาดสเตนเลส มีที่จับ ขนาด 36 x 27 ซม. (6 ใบ/ชุด),True,True,True,False,Stockable Product,Unit(s),,SA236272*6,Average Price,Unit(s),,,,,,,Saleable,Real Time (automated),113000,113000,411000,218100,511000,514000,116100
product.product_set_152,CCG ถาด / ถาดสเตนเลส มีที่จับ ขนาด 43 x 31 ซม. (6 ใบ/ชุด),True,True,True,False,Stockable Product,Unit(s),,SA243312*6,Average Price,Unit(s),,,,,,,Saleable,Real Time (automated),113000,113000,411000,218100,511000,514000,116100
product.product_set_153,CCG ถาด / ถาดสเตนเลส มีที่จับ ขนาด 48 x 34 ซม. (6 ใบ/ชุด),True,True,True,False,Stockable Product,Unit(s),,SA248342*6,Average Price,Unit(s),,,,,,,Saleable,Real Time (automated),113000,113000,411000,218100,511000,514000,116100
product.product_set_154,CCG ถาด / ถาดสเตนเลส มีที่จับ ขนาด 58 x 42 ซม. (6 ใบ/ชุด),True,True,True,False,Stockable Product,Unit(s),,SA258422A*6,Average Price,Unit(s),,,,,,,Saleable,Real Time (automated),113000,113000,411000,218100,511000,514000,116100
product.product_set_155,CCG 2 ใบ/ชุด ไซส์ 32 x 22 x 4 ซม. ถาด / ถาดอาหาร สเตนเลส,True,True,True,False,Stockable Product,Unit(s),,SA332224*2,Average Price,Unit(s),,,,,,,Saleable,Real Time (automated),113000,113000,411000,218100,511000,514000,116100
product.product_set_156,CCG 6 ใบ/ชุด ไซส์ 32 x 22 x 4 ซม. ถาด / ถาดอาหาร สเตนเลส,True,True,True,False,Stockable Product,Unit(s),,SA332224*6,Average Price,Unit(s),,,,,,,Saleable,Real Time (automated),113000,113000,411000,218100,511000,514000,116100
product.product_set_157,CCG 2 ใบ/ชุด ไซส์ 36 x 27 x 2 ซม. ถาด / ถาดเสิร์ฟ สเตนเลส (อย่างหนา),True,True,True,False,Stockable Product,Unit(s),,SA336272*2,Average Price,Unit(s),,,,,,,Saleable,Real Time (automated),113000,113000,411000,218100,511000,514000,116100
product.product_set_158,CCG 6 ใบ/ชุด ไซส์ 36 x 27 x 2 ซม. ถาด / ถาดเสิร์ฟ สเตนเลส (อย่างหนา),True,True,True,False,Stockable Product,Unit(s),,SA336272*6,Average Price,Unit(s),,,,,,,Saleable,Real Time (automated),113000,113000,411000,218100,511000,514000,116100
product.product_set_159,CCG 2 ใบ/ชุด ไซส์ 36 x 27 x 4 ซม. ถาด / ถาดอาหาร สเตนเลส,True,True,True,False,Stockable Product,Unit(s),,SA336274*2,Average Price,Unit(s),,,,,,,Saleable,Real Time (automated),113000,113000,411000,218100,511000,514000,116100
product.product_set_160,CCG 6 ใบ/ชุด ไซส์ 36 x 27 x 4 ซม. ถาด / ถาดอาหาร สเตนเลส,True,True,True,False,Stockable Product,Unit(s),,SA336274*6,Average Price,Unit(s),,,,,,,Saleable,Real Time (automated),113000,113000,411000,218100,511000,514000,116100
product.product_set_161,CCG 2 ใบ/ชุด ไซส์ 36 x 27 x 7 ถาด / ถาดลึก สเตนเลส,True,True,True,False,Stockable Product,Unit(s),,SA336277*2,Average Price,Unit(s),,,,,,,Saleable,Real Time (automated),113000,113000,411000,218100,511000,514000,116100
product.product_set_162,CCG 6 ใบ/ชุด ไซส์ 36 x 27 x 7 ถาด / ถาดลึก สเตนเลส,True,True,True,False,Stockable Product,Unit(s),,SA336277*6,Average Price,Unit(s),,,,,,,Saleable,Real Time (automated),113000,113000,411000,218100,511000,514000,116100
product.product_set_163,CCG 6 ใบ/ชุด ไซส์ 40 x 30 x 3 ซม. ถาด / ถาดเสิร์ฟเหลี่ยม สเตนเลส (อย่างหนา),True,True,True,False,Stockable Product,Unit(s),,SA340303*2,Average Price,Unit(s),,,,,,,Saleable,Real Time (automated),113000,113000,411000,218100,511000,514000,116100
product.product_set_164,CCG 2 ใบ/ชุด ไซส์ 40 x 30 x 3 ซม. ถาด / ถาดเสิร์ฟเหลี่ยม สเตนเลส (อย่างหนา),True,True,True,False,Stockable Product,Unit(s),,SA340303*6,Average Price,Unit(s),,,,,,,Saleable,Real Time (automated),113000,113000,411000,218100,511000,514000,116100
product.product_set_165,CCG 2 ใบ/ชุด ไซส์ 40 x 30 x 7 ถาด / ถาดลึก สเตนเลส,True,True,True,False,Stockable Product,Unit(s),,SA340307*2,Average Price,Unit(s),,,,,,,Saleable,Real Time (automated),113000,113000,411000,218100,511000,514000,116100
product.product_set_166,CCG 6 ใบ/ชุด ไซส์ 40 x 30 x 7 ถาด / ถาดลึก สเตนเลส,True,True,True,False,Stockable Product,Unit(s),,SA340307*6,Average Price,Unit(s),,,,,,,Saleable,Real Time (automated),113000,113000,411000,218100,511000,514000,116100
product.product_set_167,CCG ถาด / ถาดอาหารสเตนเลส หนาพิเศษ 2 ใบ ขนาด 45 x 35 x 2 ซม.,True,True,True,False,Stockable Product,Unit(s),,SA345352*2,Average Price,Unit(s),,,,,,,Saleable,Real Time (automated),113000,113000,411000,218100,511000,514000,116100
product.product_set_168,CCG ถาด / ถาดอาหารสเตนเลส หนาพิเศษ 6 ใบ ขนาด 45 x 35 x 2 ซม.,True,True,True,False,Stockable Product,Unit(s),,SA345352*6,Average Price,Unit(s),,,,,,,Saleable,Real Time (automated),113000,113000,411000,218100,511000,514000,116100
product.product_set_169,CCG 2 ใบ/ชุด ไซส์ 45 x 35 x 4 ซม. ถาด / ถาดอาหาร สเตนเลส,True,True,True,False,Stockable Product,Unit(s),,SA345354*2,Average Price,Unit(s),,,,,,,Saleable,Real Time (automated),113000,113000,411000,218100,511000,514000,116100
product.product_set_170,CCG 6 ใบ/ชุด ไซส์ 45 x 35 x 4 ซม. ถาด / ถาดอาหาร สเตนเลส,True,True,True,False,Stockable Product,Unit(s),,SA345354*6,Average Price,Unit(s),,,,,,,Saleable,Real Time (automated),113000,113000,411000,218100,511000,514000,116100
product.product_set_171,CCG 2 ใบ/ชุด ไซส์ 45 x 35 x 7 ถาด / ถาดลึก สเตนเลส,True,True,True,False,Stockable Product,Unit(s),,SA345357*2,Average Price,Unit(s),,,,,,,Saleable,Real Time (automated),113000,113000,411000,218100,511000,514000,116100
product.product_set_172,CCG 6 ใบ/ชุด ไซส์ 45 x 35 x 7 ถาด / ถาดลึก สเตนเลส,True,True,True,False,Stockable Product,Unit(s),,SA345357*6,Average Price,Unit(s),,,,,,,Saleable,Real Time (automated),113000,113000,411000,218100,511000,514000,116100
product.product_set_173,CCG 2 ใบ/ชุด ไซส์ 50 x 35 x 4 ซม. ถาด / ถาดอาหาร สเตนเลส,True,True,True,False,Stockable Product,Unit(s),,SA350354*2,Average Price,Unit(s),,,,,,,Saleable,Real Time (automated),113000,113000,411000,218100,511000,514000,116100
product.product_set_174,CCG 6 ใบ/ชุด ไซส์ 50 x 35 x 4 ซม. ถาด / ถาดอาหาร สเตนเลส,True,True,True,False,Stockable Product,Unit(s),,SA350354*6,Average Price,Unit(s),,,,,,,Saleable,Real Time (automated),113000,113000,411000,218100,511000,514000,116100
product.product_set_175,CCG 2 ใบ/ชุด ไซส์ 50 x 35 x 7 ถาด / ถาดลึก สเตนเลส,True,True,True,False,Stockable Product,Unit(s),,SA350357*2,Average Price,Unit(s),,,,,,,Saleable,Real Time (automated),113000,113000,411000,218100,511000,514000,116100
product.product_set_176,CCG 6 ใบ/ชุด ไซส์ 50 x 35 x 7 ถาด / ถาดลึก สเตนเลส,True,True,True,False,Stockable Product,Unit(s),,SA350357*6,Average Price,Unit(s),,,,,,,Saleable,Real Time (automated),113000,113000,411000,218100,511000,514000,116100
product.product_set_177,CCG 6 ใบ/ชุด ไซส์ 50 x 40 x 2 ซม. ถาด / ถาดเสิร์ฟ สเตนเลส,True,True,True,False,Stockable Product,Unit(s),,SA350402*2,Average Price,Unit(s),,,,,,,Saleable,Real Time (automated),113000,113000,411000,218100,511000,514000,116100
product.product_set_178,CCG 2 ใบ/ชุด ไซส์ 50 x 40 x 2 ซม. ถาด / ถาดเสิร์ฟ สเตนเลส,True,True,True,False,Stockable Product,Unit(s),,SA350402*6,Average Price,Unit(s),,,,,,,Saleable,Real Time (automated),113000,113000,411000,218100,511000,514000,116100
product.product_set_179,CCG 2 ใบ/ชุด ไซส์ 50 x 40 x 4 ซม. ถาด / ถาดอาหาร สเตนเลส,True,True,True,False,Stockable Product,Unit(s),,SA350404*2,Average Price,Unit(s),,,,,,,Saleable,Real Time (automated),113000,113000,411000,218100,511000,514000,116100
product.product_set_180,CCG 6 ใบ/ชุด ไซส์ 50 x 40 x 4 ซม. ถาด / ถาดอาหาร สเตนเลส,True,True,True,False,Stockable Product,Unit(s),,SA350404*6,Average Price,Unit(s),,,,,,,Saleable,Real Time (automated),113000,113000,411000,218100,511000,514000,116100
product.product_set_181,CCG 2 ใบ/ชุด ไซส์ 60 x 40 x 2 ซม. ถาด / ถาดเสิร์ฟ สเตนเลส,True,True,True,False,Stockable Product,Unit(s),,SA360402*2,Average Price,Unit(s),,,,,,,Saleable,Real Time (automated),113000,113000,411000,218100,511000,514000,116100
product.product_set_182,CCG 6 ใบ/ชุด ไซส์ 60 x 40 x 2 ซม. ถาด / ถาดเสิร์ฟ สเตนเลส,True,True,True,False,Stockable Product,Unit(s),,SA360402*6,Average Price,Unit(s),,,,,,,Saleable,Real Time (automated),113000,113000,411000,218100,511000,514000,116100
product.product_set_183,CCG 2 ใบ/ชุด ไซส์ 60 x 40 x 4 ซม. ถาด / ถาดอาหาร สเตนเลส,True,True,True,False,Stockable Product,Unit(s),,SA360404*2,Average Price,Unit(s),,,,,,,Saleable,Real Time (automated),113000,113000,411000,218100,511000,514000,116100
product.product_set_184,CCG 6 ใบ/ชุด ไซส์ 60 x 40 x 4 ซม. ถาด / ถาดอาหาร สเตนเลส,True,True,True,False,Stockable Product,Unit(s),,SA360404*6,Average Price,Unit(s),,,,,,,Saleable,Real Time (automated),113000,113000,411000,218100,511000,514000,116100
product.product_set_185,CCG SET 12 ชุด ชุดอุ่นอาหาร / ถาดอุ่นอาหาร ฝาแก้ว ขนาด 36 x 27 ซม. - Silver,True,True,True,False,Stockable Product,Unit(s),,SA601*12,Average Price,Unit(s),,,,,,,Saleable,Real Time (automated),113000,113000,411000,218100,511000,514000,116100
product.product_set_186,CCG ขายส่ง 36 x 27 ซม. SET 12 ชุด ชุดอุ่นอาหาร / ถาดอุ่นอาหาร ทรงเหลี่ยม สเตนเลส ฝาสเตนเลส + แก้ว,True,True,True,False,Stockable Product,Unit(s),,SA602*12,Average Price,Unit(s),,,,,,,Saleable,Real Time (automated),113000,113000,411000,218100,511000,514000,116100
product.product_set_187,CCG ขายส่ง  40 x 30 ซม. (Set 12 ชุด) ถาด/ ถาดอุ่นอาหาร สแตนเลส พร้อมฝาแก้ว,True,True,True,False,Stockable Product,Unit(s),,SA603*12,Average Price,Unit(s),,,,,,,Saleable,Real Time (automated),113000,113000,411000,218100,511000,514000,116100
product.product_set_188,CCG ขายส่ง 40 x 30 ซม. SET 12 ชุด ชุดอุ่นอาหาร / ถาดอุ่นอาหาร ทรงเหลี่ยม สเตนเลส ฝาสเตนเลส + แก้ว,True,True,True,False,Stockable Product,Unit(s),,SA604*12,Average Price,Unit(s),,,,,,,Saleable,Real Time (automated),113000,113000,411000,218100,511000,514000,116100
product.product_set_189,CCG ขายส่ง 3 ใบ/ชุด 25 ซม. ถาด / ถาดกลมสเตนเลส ลายหอย,True,True,True,False,Stockable Product,Unit(s),,SB110*3,Average Price,Unit(s),,,,,,,Saleable,Real Time (automated),113000,113000,411000,218100,511000,514000,116100
product.product_set_190,CCG ขายส่ง 6 ใบ/ชุด 25 ซม. ถาด / ถาดกลมสเตนเลส ลายหอย,True,True,True,False,Stockable Product,Unit(s),,SB110*6,Average Price,Unit(s),,,,,,,Saleable,Real Time (automated),113000,113000,411000,218100,511000,514000,116100
product.product_set_191,CCG ขายส่ง 3 ใบ/ชุด 30 ซม. ถาด/ ถาดกลมสเตนเลส ลายหอย,True,True,True,False,Stockable Product,Unit(s),,SB112*3,Average Price,Unit(s),,,,,,,Saleable,Real Time (automated),113000,113000,411000,218100,511000,514000,116100
product.product_set_192,CCG ขายส่ง 6 ใบ/ชุด 30 ซม. ถาด / ถาดกลมสเตนเลส ลายหอย,True,True,True,False,Stockable Product,Unit(s),,SB112*6,Average Price,Unit(s),,,,,,,Saleable,Real Time (automated),113000,113000,411000,218100,511000,514000,116100
product.product_set_193,CCG ขายส่ง 3 ใบ/ชุด 35 ซม. ถาด / ถาดกลมสเตนเลส ลายหอย,True,True,True,False,Stockable Product,Unit(s),,SB114*3,Average Price,Unit(s),,,,,,,Saleable,Real Time (automated),113000,113000,411000,218100,511000,514000,116100
product.product_set_194,CCG ขายส่ง 6 ใบ/ชุด 35 ซม. ถาด / ถาดกลมสเตนเลส ลายหอย,True,True,True,False,Stockable Product,Unit(s),,SB114*6,Average Price,Unit(s),,,,,,,Saleable,Real Time (automated),113000,113000,411000,218100,511000,514000,116100
product.product_set_195,CCG ขายส่ง 6 ใบ/ชุด 40 ซม. ถาด / ถาดกลมสเตนเลส ลายหอย,True,True,True,False,Stockable Product,Unit(s),,SB116*6,Average Price,Unit(s),,,,,,,Saleable,Real Time (automated),113000,113000,411000,218100,511000,514000,116100
product.product_set_196,CCG ขายส่ง 6 ใบ/ชุด 45 ซม. ถาด / ถาดกลมสเตนเลส ลายหอย,True,True,True,False,Stockable Product,Unit(s),,SB118*6,Average Price,Unit(s),,,,,,,Saleable,Real Time (automated),113000,113000,411000,218100,511000,514000,116100
product.product_set_197,CCG ขายส่ง 6 ใบ/ชุด 50 ซม. ถาด / ถาดกลมสเตนเลส ลายหอย,True,True,True,False,Stockable Product,Unit(s),,SB120*6,Average Price,Unit(s),,,,,,,Saleable,Real Time (automated),113000,113000,411000,218100,511000,514000,116100
product.product_set_198,CCG ขายส่ง 6 ใบ/ชุด 55 ซม. ถาด / ถาดกลมสเตนเลส ลายหอย,True,True,True,False,Stockable Product,Unit(s),,SB122*6,Average Price,Unit(s),,,,,,,Saleable,Real Time (automated),113000,113000,411000,218100,511000,514000,116100
product.product_set_199,CCG ขายส่ง 6 ใบ/ชุด 60 ซม. ถาด / ถาดกลมสเตนเลส ลายหอย,True,True,True,False,Stockable Product,Unit(s),,SB124*6,Average Price,Unit(s),,,,,,,Saleable,Real Time (automated),113000,113000,411000,218100,511000,514000,116100
product.product_set_200,CCG   จาน / จานสเตนเลส 8 นิ้ว 12 ใบ/ชุด,True,True,True,False,Stockable Product,Unit(s),,SB308-12,Average Price,Unit(s),,,,,,,Saleable,Real Time (automated),113000,113000,411000,218100,511000,514000,116100
product.product_set_201,CCG   จาน / จานสเตนเลส 8 นิ้ว 6 ใบ/ชุด,True,True,True,False,Stockable Product,Unit(s),,SB308-6,Average Price,Unit(s),,,,,,,Saleable,Real Time (automated),113000,113000,411000,218100,511000,514000,116100
product.product_set_202,CCG 12 ใบ/ชุด 9 นิ้ว จาน / จานสเตนเลส,True,True,True,False,Stockable Product,Unit(s),,SB309-12,Average Price,Unit(s),,,,,,,Saleable,Real Time (automated),113000,113000,411000,218100,511000,514000,116100
product.product_set_203,CCG 6 ใบ/ชุด 9 นิ้ว จาน / จานสเตนเลส,True,True,True,False,Stockable Product,Unit(s),,SB309-6,Average Price,Unit(s),,,,,,,Saleable,Real Time (automated),113000,113000,411000,218100,511000,514000,116100
product.product_set_204,CCG ขายส่ง 6 ใบ 50 ซม. ถาด / ถาดสเตนเลส กลม ลายไทย,True,True,True,False,Stockable Product,Unit(s),,SB450*6,Average Price,Unit(s),,,,,,,Saleable,Real Time (automated),113000,113000,411000,218100,511000,514000,116100
product.product_set_205,CCG ขายส่ง 6 ใบ 55 ซม. ถาด / ถาดสเตนเลส กลม ลายไทย,True,True,True,False,Stockable Product,Unit(s),,SB455*6,Average Price,Unit(s),,,,,,,Saleable,Real Time (automated),113000,113000,411000,218100,511000,514000,116100
product.product_set_206,CCG ขายส่ง 6 ใบ 60 ซม. ถาด / ถาดสเตนเลส กลม ลายไทย,True,True,True,False,Stockable Product,Unit(s),,SB460*6,Average Price,Unit(s),,,,,,,Saleable,Real Time (automated),113000,113000,411000,218100,511000,514000,116100
product.product_set_207,CCG 6 ใบ/ชุด 26 ซม. ถาดหลุม / ถาดหลุมสเตนเลส,True,True,True,False,Stockable Product,Unit(s),,SB526*6,Average Price,Unit(s),,,,,,,Saleable,Real Time (automated),113000,113000,411000,218100,511000,514000,116100
product.product_set_208,CCG 6 ใบ/ชุด 28 ซม. ถาดหลุม / ถาดหลุมสเตนเลส,True,True,True,False,Stockable Product,Unit(s),,SB528*6,Average Price,Unit(s),,,,,,,Saleable,Real Time (automated),113000,113000,411000,218100,511000,514000,116100
product.product_set_209,CCG 6 ใบ/ชุด 30 ซม. ถาดหลุม / ถาดหลุมสเตนเลส,True,True,True,False,Stockable Product,Unit(s),,SB530*6,Average Price,Unit(s),,,,,,,Saleable,Real Time (automated),113000,113000,411000,218100,511000,514000,116100
product.product_set_210,CCG ขายส่ง 6 ใบ/ชุด 32 ซม. ถาดหลุม / ถาดหลุมสเตนเลส - Silver,True,True,True,False,Stockable Product,Unit(s),,SB532*6,Average Price,Unit(s),,,,,,,Saleable,Real Time (automated),113000,113000,411000,218100,511000,514000,116100
product.product_set_211,CCG ถาดหลุม/ถาดหลุมสเตนเลส 35 ซม. 6 ใบ/ชุด (Silver) ,True,True,True,False,Stockable Product,Unit(s),,SB535*6,Average Price,Unit(s),,,,,,,Saleable,Real Time (automated),113000,113000,411000,218100,511000,514000,116100
product.product_set_212,CCG ขายส่ง 12 ชุด ชุดอุ่นอาหาร สเตนเลส ทรงกลม ฝาแก้ว – สีเงิน,True,True,True,False,Stockable Product,Unit(s),,SB601*12,Average Price,Unit(s),,,,,,,Saleable,Real Time (automated),113000,113000,411000,218100,511000,514000,116100
product.product_set_213,CCG 12 ใบ/ชุด 12 ซม. โถข้าว / โถข้าวสเตนเลส,True,True,True,False,Stockable Product,Unit(s),,SC1012*12,Average Price,Unit(s),,,,,,,Saleable,Real Time (automated),113000,113000,411000,218100,511000,514000,116100
product.product_set_214,CCG โถข้าว / โถข้าวสเตนเลส 20 ซม. (12 ใบ/ชุด),True,True,True,False,Stockable Product,Unit(s),,SC1020*12,Average Price,Unit(s),,,,,,,Saleable,Real Time (automated),113000,113000,411000,218100,511000,514000,116100
product.product_set_215,CCG ขนาด 16 ซม. (12 ใบ/ชุด) ชามผสมแป้ง สเตนเลส (บาง),True,True,True,False,Stockable Product,Unit(s),,SC116*12,Average Price,Unit(s),,,,,,,Saleable,Real Time (automated),113000,113000,411000,218100,511000,514000,116100
product.product_set_216,CCG ขนาด 18 ซม. (12 ใบ/ชุด) ชามผสมแป้ง สเตนเลส (บาง),True,True,True,False,Stockable Product,Unit(s),,SC118*12,Average Price,Unit(s),,,,,,,Saleable,Real Time (automated),113000,113000,411000,218100,511000,514000,116100
product.product_set_217,CCG ขนาด 20 ซม. (12 ใบ/ชุด) ชามผสมแป้ง สเตนเลส (บาง),True,True,True,False,Stockable Product,Unit(s),,SC120*12,Average Price,Unit(s),,,,,,,Saleable,Real Time (automated),113000,113000,411000,218100,511000,514000,116100
product.product_set_218,CCG ขนาด 22 ซม. (12 ใบ/ชุด) ชามผสมแป้ง สเตนเลส (บาง),True,True,True,False,Stockable Product,Unit(s),,SC122*12,Average Price,Unit(s),,,,,,,Saleable,Real Time (automated),113000,113000,411000,218100,511000,514000,116100
product.product_set_219,CCG ขนาด 26 ซม. (6 ใบ/ชุด) ชามผสมแป้ง สเตนเลส (บาง),True,True,True,False,Stockable Product,Unit(s),,SC124*12,Average Price,Unit(s),,,,,,,Saleable,Real Time (automated),113000,113000,411000,218100,511000,514000,116100
product.product_set_220,CCG ขนาด 24 ซม. (12 ใบ/ชุด) ชามผสมแป้ง สเตนเลส (บาง),True,True,True,False,Stockable Product,Unit(s),,SC126*6,Average Price,Unit(s),,,,,,,Saleable,Real Time (automated),113000,113000,411000,218100,511000,514000,116100
product.product_set_221,CCG 6 ใบ/ชุด 18 ซม. กะละมัง / กะละมังสเตนเลส / กะละมังกังนัม อย่างหนา,True,True,True,False,Stockable Product,Unit(s),,SC1318*6,Average Price,Unit(s),,,,,,,Saleable,Real Time (automated),113000,113000,411000,218100,511000,514000,116100
product.product_set_222,CCG 6 ใบ/ชุด 20 ซม. กะละมัง / กะละมังสเตนเลส / กะละมังกังนัม อย่างหนา,True,True,True,False,Stockable Product,Unit(s),,SC1320*6,Average Price,Unit(s),,,,,,,Saleable,Real Time (automated),113000,113000,411000,218100,511000,514000,116100
product.product_set_223,CCG 6 ใบ/ชุด 22 ซม. กะละมัง / กะละมังสเตนเลส / กะละมังกังนัม อย่างหนา,True,True,True,False,Stockable Product,Unit(s),,SC1322*6,Average Price,Unit(s),,,,,,,Saleable,Real Time (automated),113000,113000,411000,218100,511000,514000,116100
product.product_set_224,CCG 6 ใบ/ชุด 24 ซม. กะละมัง / กะละมังสเตนเลส / กะละมังกังนัม อย่างหนา,True,True,True,False,Stockable Product,Unit(s),,SC1324*6,Average Price,Unit(s),,,,,,,Saleable,Real Time (automated),113000,113000,411000,218100,511000,514000,116100
product.product_set_225,CCG 6 ใบ/ชุด 26 ซม. กะละมัง / กะละมังสเตนเลส / กะละมังกังนัม อย่างหนา,True,True,True,False,Stockable Product,Unit(s),,SC1326*6,Average Price,Unit(s),,,,,,,Saleable,Real Time (automated),113000,113000,411000,218100,511000,514000,116100
product.product_set_226,CCG 6 ใบ/ชุด 28 ซม. กะละมัง / กะละมังสเตนเลส / กะละมังกังนัม อย่างหนา,True,True,True,False,Stockable Product,Unit(s),,SC1328*6,Average Price,Unit(s),,,,,,,Saleable,Real Time (automated),113000,113000,411000,218100,511000,514000,116100
product.product_set_227,CCG 6 ใบ/ชุด 30 ซม. กะละมัง / กะละมังสเตนเลส / กะละมังกังนัม อย่างหนา,True,True,True,False,Stockable Product,Unit(s),,SC1330*6,Average Price,Unit(s),,,,,,,Saleable,Real Time (automated),113000,113000,411000,218100,511000,514000,116100
product.product_set_228,CCG 6 ใบ/ชุด 32 ซม. กะละมัง / กะละมังสเตนเลส / กะละมังกังนัม อย่างหนา,True,True,True,False,Stockable Product,Unit(s),,SC1332*6,Average Price,Unit(s),,,,,,,Saleable,Real Time (automated),113000,113000,411000,218100,511000,514000,116100
product.product_set_229,CCG 6 ใบ/ชุด 34 ซม. กะละมัง / กะละมังสเตนเลส / กะละมังกังนัม อย่างหนา,True,True,True,False,Stockable Product,Unit(s),,SC1334*6,Average Price,Unit(s),,,,,,,Saleable,Real Time (automated),113000,113000,411000,218100,511000,514000,116100
product.product_set_230,CCG ขายส่ง 6 ใบ/ชุด 24 ซม. ชามผสมแป้ง สเตนเลส (หนา),True,True,True,False,Stockable Product,Unit(s),,SC224*6,Average Price,Unit(s),,,,,,,Saleable,Real Time (automated),113000,113000,411000,218100,511000,514000,116100
product.product_set_231,CCG ขายส่ง 6 ใบ/ชุด 27 ซม. ชามผสมแป้ง สเตนเลส (หนา),True,True,True,False,Stockable Product,Unit(s),,SC227*6,Average Price,Unit(s),,,,,,,Saleable,Real Time (automated),113000,113000,411000,218100,511000,514000,116100
product.product_set_232,CCG ขายส่ง 6 ใบ/ชุด 30 ซม. ชามผสมแป้ง สเตนเลส (หนา),True,True,True,False,Stockable Product,Unit(s),,SC230*6,Average Price,Unit(s),,,,,,,Saleable,Real Time (automated),113000,113000,411000,218100,511000,514000,116100
product.product_set_233,CCG 6 ใบ/ชุด 33 ซม. ชามผสมแป้ง สเตนเลส (หนา),True,True,True,False,Stockable Product,Unit(s),,SC233*6,Average Price,Unit(s),,,,,,,Saleable,Real Time (automated),113000,113000,411000,218100,511000,514000,116100
product.product_set_234,CCG ขายส่ง 6 ใบ/ชุด 36 ซม. ชามผสมแป้ง สเตนเลส (หนา),True,True,True,False,Stockable Product,Unit(s),,SC236*6,Average Price,Unit(s),,,,,,,Saleable,Real Time (automated),113000,113000,411000,218100,511000,514000,116100
product.product_set_235,CCG ขายส่ง 6 ใบ/ชุด 40 ซม. ชามผสมแป้ง สเตนเลส (หนา),True,True,True,False,Stockable Product,Unit(s),,SC240*6,Average Price,Unit(s),,,,,,,Saleable,Real Time (automated),113000,113000,411000,218100,511000,514000,116100
product.product_set_236,CCG ขายส่ง 6 ใบ/ชุด 47 ซม. ชามผสมแป้ง สเตนเลส (หนา),True,True,True,False,Stockable Product,Unit(s),,SC247*6,Average Price,Unit(s),,,,,,,Saleable,Real Time (automated),113000,113000,411000,218100,511000,514000,116100
product.product_set_237,CCG ขายส่ง 6 ใบ/ชุด 50 ซม. ชามผสมแป้ง สเตนเลส (หนา),True,True,True,False,Stockable Product,Unit(s),,SC250*6,Average Price,Unit(s),,,,,,,Saleable,Real Time (automated),113000,113000,411000,218100,511000,514000,116100
product.product_set_238,CCG ชุดขันเย็นใจ ขนาด 15/16.5/18.5 ซม. (3 ใบ),True,True,True,False,Stockable Product,Unit(s),,SC5141618,Average Price,Unit(s),,,,,,,Saleable,Real Time (automated),113000,113000,411000,218100,511000,514000,116100
product.product_set_239,CCG  6 ใบ/ชุด 22 ซม. กะละมัง / กะละมังสเตนเลส / กะละมังล้างผัก รูเล็ก,True,True,True,False,Stockable Product,Unit(s),,SC722*6,Average Price,Unit(s),,,,,,,Saleable,Real Time (automated),113000,113000,411000,218100,511000,514000,116100
product.product_set_240,CCG  6 ใบ/ชุด 24 ซม. กะละมัง / กะละมังสเตนเลส / กะละมังล้างผัก รูเล็ก,True,True,True,False,Stockable Product,Unit(s),,SC724*6,Average Price,Unit(s),,,,,,,Saleable,Real Time (automated),113000,113000,411000,218100,511000,514000,116100
product.product_set_241,CCG  6 ใบ/ชุด 26 ซม. กะละมัง / กะละมังสเตนเลส / กะละมังล้างผัก รูเล็ก,True,True,True,False,Stockable Product,Unit(s),,SC726*6,Average Price,Unit(s),,,,,,,Saleable,Real Time (automated),113000,113000,411000,218100,511000,514000,116100
product.product_set_242,CCG  6 ใบ/ชุด 28 ซม. กะละมัง / กะละมังสเตนเลส / กะละมังล้างผัก รูเล็ก,True,True,True,False,Stockable Product,Unit(s),,SC728*6,Average Price,Unit(s),,,,,,,Saleable,Real Time (automated),113000,113000,411000,218100,511000,514000,116100
product.product_set_243,CCG  6 ใบ/ชุด 30 ซม. กะละมัง / กะละมังสเตนเลส / กะละมังล้างผัก รูเล็ก,True,True,True,False,Stockable Product,Unit(s),,SC730*6,Average Price,Unit(s),,,,,,,Saleable,Real Time (automated),113000,113000,411000,218100,511000,514000,116100
product.product_set_244,CCG  6 ใบ/ชุด 32 ซม. กะละมัง / กะละมังสเตนเลส / กะละมังล้างผัก รูเล็ก,True,True,True,False,Stockable Product,Unit(s),,SC732*6,Average Price,Unit(s),,,,,,,Saleable,Real Time (automated),113000,113000,411000,218100,511000,514000,116100
product.product_set_245,CCG  6 ใบ/ชุด 34 ซม. กะละมัง / กะละมังสเตนเลส / กะละมังล้างผัก รูเล็ก,True,True,True,False,Stockable Product,Unit(s),,SC734*6,Average Price,Unit(s),,,,,,,Saleable,Real Time (automated),113000,113000,411000,218100,511000,514000,116100
product.product_set_246,CCG  6 ใบ/ชุด 36 ซม. กะละมัง / กะละมังสเตนเลส / กะละมังล้างผัก รูเล็ก,True,True,True,False,Stockable Product,Unit(s),,SC736*6,Average Price,Unit(s),,,,,,,Saleable,Real Time (automated),113000,113000,411000,218100,511000,514000,116100
product.product_set_247,CCG กะละมัง / กะละมังสเตนเลส ล้างผัก รูเล็ก 40 ซม. (ชุด 6 ใบ),True,True,True,False,Stockable Product,Unit(s),,SC740*6,Average Price,Unit(s),,,,,,,Saleable,Real Time (automated),113000,113000,411000,218100,511000,514000,116100
product.product_set_248,CCG ขายส่ง 6 ใบ/ชุด 28 ซม. กะละมัง / กะละมังสเตนเลส สำหรับล้างผัก รูใหญ่,True,True,True,False,Stockable Product,Unit(s),,SC828*6,Average Price,Unit(s),,,,,,,Saleable,Real Time (automated),113000,113000,411000,218100,511000,514000,116100
product.product_set_249,CCG ขายส่ง 6 ใบ/ชุด 30 ซม. กะละมัง / กะละมังสเตนเลส สำหรับล้างผัก รูใหญ่,True,True,True,False,Stockable Product,Unit(s),,SC830*6,Average Price,Unit(s),,,,,,,Saleable,Real Time (automated),113000,113000,411000,218100,511000,514000,116100
product.product_set_250,CCG ขายส่ง 6 ใบ/ชุด 32 ซม. กะละมัง / กะละมังสเตนเลส สำหรับล้างผัก รูใหญ่,True,True,True,False,Stockable Product,Unit(s),,SC832*6,Average Price,Unit(s),,,,,,,Saleable,Real Time (automated),113000,113000,411000,218100,511000,514000,116100
product.product_set_251,CCG ขายส่ง 6 ใบ/ชุด 36 ซม. กะละมัง / กะละมังสเตนเลส สำหรับล้างผัก รูใหญ่,True,True,True,False,Stockable Product,Unit(s),,SC836*6,Average Price,Unit(s),,,,,,,Saleable,Real Time (automated),113000,113000,411000,218100,511000,514000,116100
product.product_set_252,CCG ขายส่ง 6 ใบ/ชุด 43 ซม. ชาม ชามผสมแป้ง ชามผสมแป้งสเตนเลสเจาะรู,True,True,True,False,Stockable Product,Unit(s),,SC843*6,Average Price,Unit(s),,,,,,,Saleable,Real Time (automated),113000,113000,411000,218100,511000,514000,116100
product.product_set_253,CCG หม้อสุกี้ สเตนเลส 26 ซม. 12 ใบ/ชุด,True,True,True,False,Stockable Product,Unit(s),,SD626*12,Average Price,Unit(s),,,,,,,Saleable,Real Time (automated),113000,113000,411000,218100,511000,514000,116100
product.product_set_254,CCG Restaurant Supply แก้วน้ำสเตนเลส ขนาด 7.5 ซม. (12 ใบ),True,True,True,False,Stockable Product,Unit(s),,SG107*12,Average Price,Unit(s),,,,,,,Saleable,Real Time (automated),113000,113000,411000,218100,511000,514000,116100
product.product_set_255,CCG Restaurant Supply แก้วน้ำสเตนเลส ขนาด 7.5 ซม. 6 ใบ (Silver),True,True,True,False,Stockable Product,Unit(s),,SG107*6,Average Price,Unit(s),,,,,,,Saleable,Real Time (automated),113000,113000,411000,218100,511000,514000,116100
product.product_set_256,CCG Restaurant Supply แก้วน้ำสเตนเลส ขนาด 8 ซม. 12 ใบ,True,True,True,False,Stockable Product,Unit(s),,SG108*12,Average Price,Unit(s),,,,,,,Saleable,Real Time (automated),113000,113000,411000,218100,511000,514000,116100
product.product_set_257,CCG Restaurant Supply แก้วน้ำสเตนเลส ขนาด 8 ซม. 6 ใบ (Silver) ,True,True,True,False,Stockable Product,Unit(s),,SG108*6,Average Price,Unit(s),,,,,,,Saleable,Real Time (automated),113000,113000,411000,218100,511000,514000,116100
product.product_set_258,CCG แก้วชงชาชัก / แก้วชงกาแฟ สเตนเลส 1.5 ลิตร ชุด 3 ใบ,True,True,True,False,Stockable Product,Unit(s),,SH415*3,Average Price,Unit(s),,,,,,,Saleable,Real Time (automated),113000,113000,411000,218100,511000,514000,116100
product.product_set_259,CCG แก้วชงกาแฟ / แก้วชาชัก สเตนเลส 2.0 ลิตร ชุด 3 ใบ,True,True,True,False,Stockable Product,Unit(s),,SH420*3,Average Price,Unit(s),,,,,,,Saleable,Real Time (automated),113000,113000,411000,218100,511000,514000,116100
product.product_set_260,CCG 3 ด้าม/ชุด (ใหญ่) ที่ตักน้ำแข็ง / กระบวยตักน้ำแข็ง สเตนเลส,True,True,True,False,Stockable Product,Unit(s),,SI401*3,Average Price,Unit(s),,,,,,,Saleable,Real Time (automated),113000,113000,411000,218100,511000,514000,116100
product.product_set_261,CCG Restaurant Supply ชุดที่ตักน้ำแข็ง สเตนเลส 3 ขนาด 13.5/15/18.5 ซม.,True,True,True,False,Stockable Product,Unit(s),,SI4010203,Average Price,Unit(s),,,,,,,Saleable,Real Time (automated),113000,113000,411000,218100,511000,514000,116100
product.product_set_262,CCG ที่ตักน้ำแข็ง / กระบวยตักน้ำแข็ง สเตนเลส (กลาง) 3 ด้าม/ชุด,True,True,True,False,Stockable Product,Unit(s),,SI402*3,Average Price,Unit(s),,,,,,,Saleable,Real Time (automated),113000,113000,411000,218100,511000,514000,116100
product.product_set_263,CCG 3 ด้าม/ชุด (เล็ก) ที่ตักน้ำแข็ง / กระบวยตักน้ำแข็ง สเตนเลส,True,True,True,False,Stockable Product,Unit(s),,SI403*3,Average Price,Unit(s),,,,,,,Saleable,Real Time (automated),113000,113000,411000,218100,511000,514000,116100
product.product_set_264,CCG ขายส่ง 6 อัน/ชุด 12 นิ้ว ตะกร้อ / ตะกร้อลวกก๋วยเตี๋ยว สเตนเลส ด้ามสเตนเลส,True,True,True,False,Stockable Product,Unit(s),,SJ102*6,Average Price,Unit(s),,,,,,,Saleable,Real Time (automated),113000,113000,411000,218100,511000,514000,116100
product.product_set_265,CCG ตะแกรง / ตะแกรงลวด ด้ามสเตนเลส 24 ซม.( 3 อัน/ชุด),True,True,True,False,Stockable Product,Unit(s),,SJ1024*3,Average Price,Unit(s),,,,,,,Saleable,Real Time (automated),113000,113000,411000,218100,511000,514000,116100
product.product_set_266,CCG ขายส่ง 6 อัน/ชุด ตะกร้อ / ตระกร้อลวกก๋วยเตี๋ยว สเตนเลส ทรงกระบอก เจาะรู - Silver,True,True,True,False,Stockable Product,Unit(s),,SJ103*6,Average Price,Unit(s),,,,,,,Saleable,Real Time (automated),113000,113000,411000,218100,511000,514000,116100
product.product_set_267,CCG ตะแกรง / ตะแกรงลวด ด้ามสเตนเลส 30 ซม. (3 อัน/ชุด),True,True,True,False,Stockable Product,Unit(s),,SJ1030*3,Average Price,Unit(s),,,,,,,Saleable,Real Time (automated),113000,113000,411000,218100,511000,514000,116100
product.product_set_268,CCG ขายส่ง 6 อัน/ชุด ตะกร้อญี่ปุ่น / ตะกร้อ ยาวยำ สเตนเลส,True,True,True,False,Stockable Product,Unit(s),,SJ105*6,Average Price,Unit(s),,,,,,,Saleable,Real Time (automated),113000,113000,411000,218100,511000,514000,116100
product.product_set_269,CCG กระชอน ด้ามสเตนเลส ขอบสูง 2 หู 21 ซม. (3 อัน/ชุด),True,True,True,False,Stockable Product,Unit(s),,SJ1221*3,Average Price,Unit(s),,,,,,,Saleable,Real Time (automated),113000,113000,411000,218100,511000,514000,116100
product.product_set_270,CCG กระชอน ด้ามสเตนเลส ขอบสูง 2 หู 25 ซม. (3 อัน/ชุด),True,True,True,False,Stockable Product,Unit(s),,SJ1225*3,Average Price,Unit(s),,,,,,,Saleable,Real Time (automated),113000,113000,411000,218100,511000,514000,116100
product.product_set_271,CCG กระชอน ด้ามสเตนเลส ขอบสูง 2 หู 28 ซม. (3 ใบ/ชุด),True,True,True,False,Stockable Product,Unit(s),,SJ1228*3,Average Price,Unit(s),,,,,,,Saleable,Real Time (automated),113000,113000,411000,218100,511000,514000,116100
product.product_set_272,CCG ตะแกรง / ตะแกรงสเตนเลส ขนาด 12 ซม. - สีม่วง/เขียว (2 ด้าม/ชุด),True,True,True,False,Stockable Product,Unit(s),,SJ1312*2,Average Price,Unit(s),,,,,,,Saleable,Real Time (automated),113000,113000,411000,218100,511000,514000,116100
product.product_set_273,CCG ตะแกรง / ตะแกรงสเตนเลส ขนาด 12 ซม. - สีม่วง/เขียว (6 ด้าม/ชุด),True,True,True,False,Stockable Product,Unit(s),,SJ1312*6,Average Price,Unit(s),,,,,,,Saleable,Real Time (automated),113000,113000,411000,218100,511000,514000,116100
product.product_set_274,CCG ตะแกรง / ตะแกรงสเตนเลส ขนาด 14 ซม. - สีม่วง/เขียว (2 ด้าม/ชุด),True,True,True,False,Stockable Product,Unit(s),,SJ1314*2,Average Price,Unit(s),,,,,,,Saleable,Real Time (automated),113000,113000,411000,218100,511000,514000,116100
product.product_set_275,CCG ตะแกรง / ตะแกรงสเตนเลส ขนาด 14 ซม. - สีม่วง/เขียว (6 ด้าม/ชุด),True,True,True,False,Stockable Product,Unit(s),,SJ1314*6,Average Price,Unit(s),,,,,,,Saleable,Real Time (automated),113000,113000,411000,218100,511000,514000,116100
product.product_set_276,CCG ตะแกรง / ตะแกรงสเตนเลส ขนาด 12 ซม. - สีม่วง/เขียว (2 ด้าม/ชุด),True,True,True,False,Stockable Product,Unit(s),,SJ1316*2,Average Price,Unit(s),,,,,,,Saleable,Real Time (automated),113000,113000,411000,218100,511000,514000,116100
product.product_set_277,CCG ตะแกรง / ตะแกรงสเตนเลส ขนาด 16 ซม. - สีม่วง/เขียว (6 ด้าม/ชุด),True,True,True,False,Stockable Product,Unit(s),,SJ1316*6,Average Price,Unit(s),,,,,,,Saleable,Real Time (automated),113000,113000,411000,218100,511000,514000,116100
product.product_set_278,CCG ตะแกรง / ตะแกรงสเตนเลส ขนาด 18 ซม. - สีม่วง/เขียว (2 ด้าม/ชุด),True,True,True,False,Stockable Product,Unit(s),,SJ1318*2,Average Price,Unit(s),,,,,,,Saleable,Real Time (automated),113000,113000,411000,218100,511000,514000,116100
product.product_set_279,CCG ตะแกรง / ตะแกรงสเตนเลส ขนาด 18 ซม. - สีม่วง/เขียว (6 ด้าม/ชุด),True,True,True,False,Stockable Product,Unit(s),,SJ1318*6,Average Price,Unit(s),,,,,,,Saleable,Real Time (automated),113000,113000,411000,218100,511000,514000,116100
product.product_set_280,CCG ตะแกรง / ตะแกรงสเตนเลส ขนาด 20 ซม. - สีม่วง/เขียว (2 ด้าม/ชุด),True,True,True,False,Stockable Product,Unit(s),,SJ1320*2,Average Price,Unit(s),,,,,,,Saleable,Real Time (automated),113000,113000,411000,218100,511000,514000,116100
product.product_set_281,CCG ตะแกรง / ตะแกรงสเตนเลส ขนาด 20 ซม. - สีม่วง/เขียว (6 ด้าม/ชุด),True,True,True,False,Stockable Product,Unit(s),,SJ1320*6,Average Price,Unit(s),,,,,,,Saleable,Real Time (automated),113000,113000,411000,218100,511000,514000,116100
product.product_set_282,CCG ตะแกรง / ตะแกรงสเตนเลส ขนาด 22 ซม. - สีม่วง/เขียว (2 ด้าม/ชุด),True,True,True,False,Stockable Product,Unit(s),,SJ1322*2,Average Price,Unit(s),,,,,,,Saleable,Real Time (automated),113000,113000,411000,218100,511000,514000,116100
product.product_set_283,CCG ตะแกรง / ตะแกรงสเตนเลส ขนาด 22 ซม. - สีม่วง/เขียว (6 ด้าม/ชุด),True,True,True,False,Stockable Product,Unit(s),,SJ1322*6,Average Price,Unit(s),,,,,,,Saleable,Real Time (automated),113000,113000,411000,218100,511000,514000,116100
product.product_set_284,CCG ตะแกรง / ตะแกรงสเตนเลส ด้ามไม้ 8  นิ้ว ชุด 6 อัน,True,True,True,False,Stockable Product,Unit(s),,SJ208*6,Average Price,Unit(s),,,,,,,Saleable,Real Time (automated),113000,113000,411000,218100,511000,514000,116100
product.product_set_285,CCG ตะแกรง / ตะแกรงสเตนเลส ด้ามไม้ 9  นิ้ว ชุด 6 อัน,True,True,True,False,Stockable Product,Unit(s),,SJ209*6,Average Price,Unit(s),,,,,,,Saleable,Real Time (automated),113000,113000,411000,218100,511000,514000,116100
product.product_set_286,CCG ตะแกรง / ตะแกรงสเตนเลส ด้ามไม้ 10  นิ้ว ชุด 6 อัน,True,True,True,False,Stockable Product,Unit(s),,SJ210*6,Average Price,Unit(s),,,,,,,Saleable,Real Time (automated),113000,113000,411000,218100,511000,514000,116100
product.product_set_287,CCG ตะแกรง / ตะแกรงสเตนเลส ด้ามไม้ 11 นิ้ว 6 อัน,True,True,True,False,Stockable Product,Unit(s),,SJ211*6,Average Price,Unit(s),,,,,,,Saleable,Real Time (automated),113000,113000,411000,218100,511000,514000,116100
product.product_set_288,CCG ตะแกรง / ตะแกรงสเตนเลส ด้ามไม้ 12 นิ้ว ชุด 6 อัน,True,True,True,False,Stockable Product,Unit(s),,SJ212*6,Average Price,Unit(s),,,,,,,Saleable,Real Time (automated),113000,113000,411000,218100,511000,514000,116100
product.product_set_289,CCG ขายส่ง 6 อัน/ชุด 17 ซม. ตะแกรง / ตะแกรงลวด,True,True,True,False,Stockable Product,Unit(s),,SJ317*6,Average Price,Unit(s),,,,,,,Saleable,Real Time (automated),113000,113000,411000,218100,511000,514000,116100
product.product_set_290,CCG ขายส่ง 6 อัน/ชุด 20 ซม. ตะแกรง / ตะแกรงลวด,True,True,True,False,Stockable Product,Unit(s),,SJ320*6,Average Price,Unit(s),,,,,,,Saleable,Real Time (automated),113000,113000,411000,218100,511000,514000,116100
product.product_set_291,CCG ขายส่ง 6 อัน/ชุด 22 ซม. ตะแกรง / ตะแกรงลวด,True,True,True,False,Stockable Product,Unit(s),,SJ322*6,Average Price,Unit(s),,,,,,,Saleable,Real Time (automated),113000,113000,411000,218100,511000,514000,116100
product.product_set_292,CCG ขายส่ง 6 อัน/ชุด 18 ซม. กระชอน / กระชอนกรองกากผลไม้ สเตนเลส,True,True,True,False,Stockable Product,Unit(s),,SJ418*6,Average Price,Unit(s),,,,,,,Saleable,Real Time (automated),113000,113000,411000,218100,511000,514000,116100
product.product_set_293,CCG ขายส่ง 6 อัน/ชุด 21 ซม. กระชอน / กระชอนกรองกากผลไม้ สเตนเลส,True,True,True,False,Stockable Product,Unit(s),,SJ421*6,Average Price,Unit(s),,,,,,,Saleable,Real Time (automated),113000,113000,411000,218100,511000,514000,116100
product.product_set_294,CCG ขายส่ง 6 อัน/ชุด 25 ซม. กระชอน / กระชอนกรองกากผลไม้ สเตนเลส,True,True,True,False,Stockable Product,Unit(s),,SJ425*6,Average Price,Unit(s),,,,,,,Saleable,Real Time (automated),113000,113000,411000,218100,511000,514000,116100
product.product_set_295,CCG 6 อัน/ชุด 12 ซม.  กระชอน / กระชอนสเตนเลส ขอบหนาด้ามลวด,True,True,True,False,Stockable Product,Unit(s),,SJ512*6,Average Price,Unit(s),,,,,,,Saleable,Real Time (automated),113000,113000,411000,218100,511000,514000,116100
product.product_set_296,CCG 6 อัน/ชุด 14 ซม.  กระชอน / กระชอนสเตนเลส ขอบหนาด้ามลวด,True,True,True,False,Stockable Product,Unit(s),,SJ514*6,Average Price,Unit(s),,,,,,,Saleable,Real Time (automated),113000,113000,411000,218100,511000,514000,116100
product.product_set_297,CCG 16 ซม.  ชุด กระชอน / กระชอนสเตนเลส ขอบหนาด้ามลวด 6 อัน/ชุด,True,True,True,False,Stockable Product,Unit(s),,SJ516*6,Average Price,Unit(s),,,,,,,Saleable,Real Time (automated),113000,113000,411000,218100,511000,514000,116100
product.product_set_298,CCG 6 อัน/ชุด 18 ซม.  กระชอน / กระชอนสเตนเลส ขอบหนาด้ามลวด,True,True,True,False,Stockable Product,Unit(s),,SJ518*6,Average Price,Unit(s),,,,,,,Saleable,Real Time (automated),113000,113000,411000,218100,511000,514000,116100
product.product_set_299,CCG 6 อัน/ชุด 20 ซม.  กระชอน / กระชอนสเตนเลส ขอบหนาด้ามลวด,True,True,True,False,Stockable Product,Unit(s),,SJ520*6,Average Price,Unit(s),,,,,,,Saleable,Real Time (automated),113000,113000,411000,218100,511000,514000,116100
product.product_set_300,CCG 6 อัน/ชุด 22 ซม.  ชุด กระชอน / กระชอนสเตนเลส ขอบหนาด้ามลวด,True,True,True,False,Stockable Product,Unit(s),,SJ522*6,Average Price,Unit(s),,,,,,,Saleable,Real Time (automated),113000,113000,411000,218100,511000,514000,116100
product.product_set_301,CCG 6 อัน/ชุด 24 ซม.  กระชอน / กระชอนสเตนเลส ขอบหนาด้ามลวด,True,True,True,False,Stockable Product,Unit(s),,SJ524*6,Average Price,Unit(s),,,,,,,Saleable,Real Time (automated),113000,113000,411000,218100,511000,514000,116100
product.product_set_302,CCG 6 อัน/ชุด 26 ซม. กระชอน / กระชอนสเตนเลส ขอบหนาด้ามลวด,True,True,True,False,Stockable Product,Unit(s),,SJ526*6,Average Price,Unit(s),,,,,,,Saleable,Real Time (automated),113000,113000,411000,218100,511000,514000,116100
product.product_set_303,CCG ตะแกรง / ตะแกรงลวด ด้ามยาว 15 ซม. ชุด 2 อัน,True,True,True,False,Stockable Product,Unit(s),,SJ715*2,Average Price,Unit(s),,,,,,,Saleable,Real Time (automated),113000,113000,411000,218100,511000,514000,116100
product.product_set_304,CCG  ตะแกรง / ตะแกรงลวด ด้ามยาว 15 ซม. ชุด 6 อัน,True,True,True,False,Stockable Product,Unit(s),,SJ715*6,Average Price,Unit(s),,,,,,,Saleable,Real Time (automated),113000,113000,411000,218100,511000,514000,116100
product.product_set_305,CCG ตะแกรง / ตะแกรงลวด ด้ามยาว 17 ซม. ชุด 2 อัน,True,True,True,False,Stockable Product,Unit(s),,SJ717*2,Average Price,Unit(s),,,,,,,Saleable,Real Time (automated),113000,113000,411000,218100,511000,514000,116100
product.product_set_306,CCG ตะแกรง / ตะแกรงลวด ด้ามยาว 17 ซม. ชุด 6 อัน,True,True,True,False,Stockable Product,Unit(s),,SJ717*6,Average Price,Unit(s),,,,,,,Saleable,Real Time (automated),113000,113000,411000,218100,511000,514000,116100
product.product_set_307,CCG ตะแกรง / ตะแกรงลวด ด้ามยาว 22 ซม. ชุด 2 อัน,True,True,True,False,Stockable Product,Unit(s),,SJ722*2,Average Price,Unit(s),,,,,,,Saleable,Real Time (automated),113000,113000,411000,218100,511000,514000,116100
product.product_set_308,CCG ตะแกรง / ตะแกรงลวด ด้ามยาว 25 ซม. 2 อัน,True,True,True,False,Stockable Product,Unit(s),,SJ725*2,Average Price,Unit(s),,,,,,,Saleable,Real Time (automated),113000,113000,411000,218100,511000,514000,116100
product.product_set_309,CCG ตะแกรง / ตะแกรงลวด ด้ามยาว 25 ซม. ชุด 6 อัน,True,True,True,False,Stockable Product,Unit(s),,SJ725*6,Average Price,Unit(s),,,,,,,Saleable,Real Time (automated),113000,113000,411000,218100,511000,514000,116100
product.product_set_310,CCG 2 ใบ/ชุด 19 ซม. ตะกร้า / ตะกร้าสเตนเลส / ตะกร้าล้างผัก กลม (มุ้ง) – Silver,True,True,True,False,Stockable Product,Unit(s),,SJ819*2,Average Price,Unit(s),,,,,,,Saleable,Real Time (automated),113000,113000,411000,218100,511000,514000,116100
product.product_set_311,CCG 6 ใบ/ชุด 19 ซม.  ตะกร้า ตะกร้าสเตนเลส ตะกร้าล้างผัก กลม (มุ้ง),True,True,True,False,Stockable Product,Unit(s),,SJ819*6,Average Price,Unit(s),,,,,,,Saleable,Real Time (automated),113000,113000,411000,218100,511000,514000,116100
product.product_set_312,CCG 2 ใบ/ชุด 22 ซม. ตะกร้า / ตะกร้าสเตนเลส / ตะกร้าล้างผัก กลม (มุ้ง) – Silver,True,True,True,False,Stockable Product,Unit(s),,SJ822*2,Average Price,Unit(s),,,,,,,Saleable,Real Time (automated),113000,113000,411000,218100,511000,514000,116100
product.product_set_313,CCG 6 ใบ/ชุด 22 ซม.  ตะกร้า ตะกร้าสเตนเลส ตะกร้าล้างผัก กลม (มุ้ง),True,True,True,False,Stockable Product,Unit(s),,SJ822*6,Average Price,Unit(s),,,,,,,Saleable,Real Time (automated),113000,113000,411000,218100,511000,514000,116100
product.product_set_314,CCG 2 ใบ/ชุด 25 ซม. ตะกร้า / ตะกร้าสเตนเลส / ตะกร้าล้างผัก กลม (มุ้ง) – Silver,True,True,True,False,Stockable Product,Unit(s),,SJ825*2,Average Price,Unit(s),,,,,,,Saleable,Real Time (automated),113000,113000,411000,218100,511000,514000,116100
product.product_set_315,CCG 6 ใบ/ชุด 25 ซม.  ตะกร้า ตะกร้าสเตนเลส ตะกร้าล้างผัก กลม (มุ้ง),True,True,True,False,Stockable Product,Unit(s),,SJ825*6,Average Price,Unit(s),,,,,,,Saleable,Real Time (automated),113000,113000,411000,218100,511000,514000,116100
product.product_set_316,CCG 2 ใบ/ชุด 28 ซม. ตะกร้า / ตะกร้าสเตนเลส / ตะกร้าล้างผัก กลม (มุ้ง) – Silver,True,True,True,False,Stockable Product,Unit(s),,SJ828*2,Average Price,Unit(s),,,,,,,Saleable,Real Time (automated),113000,113000,411000,218100,511000,514000,116100
product.product_set_317,CCG 6 ใบ/ชุด 28 ซม.  ตะกร้า ตะกร้าสเตนเลส ตะกร้าล้างผัก กลม (มุ้ง),True,True,True,False,Stockable Product,Unit(s),,SJ828*6,Average Price,Unit(s),,,,,,,Saleable,Real Time (automated),113000,113000,411000,218100,511000,514000,116100
product.product_set_318,CCG 2 ใบ/ชุด 31 ซม. ตะกร้า / ตะกร้าสเตนเลส / ตะกร้าล้างผัก กลม (มุ้ง) – Silver,True,True,True,False,Stockable Product,Unit(s),,SJ831*2,Average Price,Unit(s),,,,,,,Saleable,Real Time (automated),113000,113000,411000,218100,511000,514000,116100
product.product_set_319,CCG 6 ใบ/ชุด 31 ซม.  ตะกร้า ตะกร้าสเตนเลส ตะกร้าล้างผัก กลม (มุ้ง),True,True,True,False,Stockable Product,Unit(s),,SJ831*6,Average Price,Unit(s),,,,,,,Saleable,Real Time (automated),113000,113000,411000,218100,511000,514000,116100
product.product_set_320,CCG กระชอน ด้ามแดงสั้น 16 ซม. 2 ด้าม,True,True,True,False,Stockable Product,Unit(s),,SJ9039*2,Average Price,Unit(s),,,,,,,Saleable,Real Time (automated),113000,113000,411000,218100,511000,514000,116100
product.product_set_321,CCG กระชอน ด้ามแดงสั้น 16 ซม. ชุด 6 ด้าม,True,True,True,False,Stockable Product,Unit(s),,SJ9039*6,Average Price,Unit(s),,,,,,,Saleable,Real Time (automated),113000,113000,411000,218100,511000,514000,116100
product.product_set_322,CCG กระชอน ด้ามแดงสั้น 18 ซม. 2 ด้าม,True,True,True,False,Stockable Product,Unit(s),,SJ9040*2,Average Price,Unit(s),,,,,,,Saleable,Real Time (automated),113000,113000,411000,218100,511000,514000,116100
product.product_set_323,CCG กระชอน ด้ามแดงสั้น 18 ซม. 6 ด้าม,True,True,True,False,Stockable Product,Unit(s),,SJ9040*6,Average Price,Unit(s),,,,,,,Saleable,Real Time (automated),113000,113000,411000,218100,511000,514000,116100
product.product_set_324,CCG กระชอน ด้ามแดงสั้น 20 ซม. 2 ด้าม,True,True,True,False,Stockable Product,Unit(s),,SJ9041*2,Average Price,Unit(s),,,,,,,Saleable,Real Time (automated),113000,113000,411000,218100,511000,514000,116100
product.product_set_325,CCG กระชอน ด้ามแดงสั้น 20 ซม. ชุด 6 ด้าม,True,True,True,False,Stockable Product,Unit(s),,SJ9041*6,Average Price,Unit(s),,,,,,,Saleable,Real Time (automated),113000,113000,411000,218100,511000,514000,116100
product.product_set_326,CCG ชุด 2 ด้าม ตะกร้อ / ตะกร้อสเตนเลส / ตะกร้อลวดลูกชิ้นขดลวด 12 ซม.,True,True,True,False,Stockable Product,Unit(s),,SJ9050*2,Average Price,Unit(s),,,,,,,Saleable,Real Time (automated),113000,113000,411000,218100,511000,514000,116100
product.product_set_327,CCG ชุด 6 ด้าม ตะกร้อ / ตะกร้อสเตนเลส / ตะกร้อลวดลูกชิ้นขดลวด 12 ซม.,True,True,True,False,Stockable Product,Unit(s),,SJ9050*6,Average Price,Unit(s),,,,,,,Saleable,Real Time (automated),113000,113000,411000,218100,511000,514000,116100
product.product_set_328,CCG ชุด 2 ด้าม ตะกร้อ / ตะกร้อสเตนเลส / ตะกร้อลวดลูกชิ้นขดลวด 14 ซม.,True,True,True,False,Stockable Product,Unit(s),,SJ9051*2,Average Price,Unit(s),,,,,,,Saleable,Real Time (automated),113000,113000,411000,218100,511000,514000,116100
product.product_set_329,CCG ตะกร้อสแตนเลส 14 ซม. ชุด 6 ด้าม ,True,True,True,False,Stockable Product,Unit(s),,SJ9051*6,Average Price,Unit(s),,,,,,,Saleable,Real Time (automated),113000,113000,411000,218100,511000,514000,116100
product.product_set_330,CCG 2 ด้าม/ชุด ไซส์ 10 นิ้ว ไม้ตีแป้ง / ตะกร้อมือ ด้ามจับสเตนเลส ,True,True,True,False,Stockable Product,Unit(s),,SR410*2,Average Price,Unit(s),,,,,,,Saleable,Real Time (automated),113000,113000,411000,218100,511000,514000,116100
product.product_set_331,CCG 6 ด้าม/ชุด ไซส์ 10 นิ้ว ไม้ตีแป้ง / ตะกร้อมือ ด้ามจับสเตนเลส,True,True,True,False,Stockable Product,Unit(s),,SR410*6,Average Price,Unit(s),,,,,,,Saleable,Real Time (automated),113000,113000,411000,218100,511000,514000,116100
product.product_set_332,CCG 2 ด้าม/ชุด ไซส์ 12 นิ้ว ไม้ตีแป้ง / ตะกร้อมือ ด้ามจับสเตนเลส,True,True,True,False,Stockable Product,Unit(s),,SR412*2,Average Price,Unit(s),,,,,,,Saleable,Real Time (automated),113000,113000,411000,218100,511000,514000,116100
product.product_set_333,CCG 6 ด้าม/ชุด ไซส์ 12 นิ้ว ไม้ตีแป้ง / ตะกร้อมือ ด้ามจับสเตนเลส,True,True,True,False,Stockable Product,Unit(s),,SR412*6,Average Price,Unit(s),,,,,,,Saleable,Real Time (automated),113000,113000,411000,218100,511000,514000,116100
product.product_set_334,CCG 2 ด้าม/ชุด ไซส์ 14 นิ้ว ไม้ตีแป้ง / ตะกร้อมือ ด้ามจับสเตนเลส,True,True,True,False,Stockable Product,Unit(s),,SR414*2,Average Price,Unit(s),,,,,,,Saleable,Real Time (automated),113000,113000,411000,218100,511000,514000,116100
product.product_set_335,CCG 6 ด้าม/ชุด ไซส์ 14 นิ้ว ไม้ตีแป้ง / ตะกร้อมือ ด้ามจับสเตนเลส,True,True,True,False,Stockable Product,Unit(s),,SR414*6,Average Price,Unit(s),,,,,,,Saleable,Real Time (automated),113000,113000,411000,218100,511000,514000,116100
product.product_set_336,CCG 2 ด้าม/ชุด ไซส์ 16 นิ้ว ไม้ตีแป้ง / ตะกร้อมือ ด้ามจับสเตนเลส,True,True,True,False,Stockable Product,Unit(s),,SR416*2,Average Price,Unit(s),,,,,,,Saleable,Real Time (automated),113000,113000,411000,218100,511000,514000,116100
product.product_set_337,CCG 6 ด้าม/ชุด ไซส์ 16 นิ้ว ไม้ตีแป้ง / ตะกร้อมือ ด้ามจับสเตนเลส,True,True,True,False,Stockable Product,Unit(s),,SR416*6,Average Price,Unit(s),,,,,,,Saleable,Real Time (automated),113000,113000,411000,218100,511000,514000,116100
product.product_set_338,CCG ถ้วยเกาหลี สเตนเลส 12 ใบ/ชุด,True,True,True,False,Stockable Product,Unit(s),,SR501*12,Average Price,Unit(s),,,,,,,Saleable,Real Time (automated),113000,113000,411000,218100,511000,514000,116100
product.product_set_339,CCG ถ้วยเกาหลี สเตนเลส 6 ใบ/ชุด,True,True,True,False,Stockable Product,Unit(s),,SR501*6,Average Price,Unit(s),,,,,,,Saleable,Real Time (automated),113000,113000,411000,218100,511000,514000,116100
product.product_set_340,CCG 6 อัน ไซส์ 8 ซม. กระชอน / กระชอนสีก้นสเตนเลส - เขียว,True,True,True,False,Stockable Product,Unit(s),,YH-16-008-Green*6,Average Price,Unit(s),,,,,,,Saleable,Real Time (automated),113000,113000,411000,218100,511000,514000,116100
product.product_set_341,CCG 6 อัน ไซส์ 8 ซม. กระชอน / กระชอนสีก้นสเตนเลส - ส้ม,True,True,True,False,Stockable Product,Unit(s),,YH-16-008-Orange*6,Average Price,Unit(s),,,,,,,Saleable,Real Time (automated),113000,113000,411000,218100,511000,514000,116100
product.product_set_342,CCG 6 อัน ไซส์ 8 ซม. กระชอน / กระชอนสีก้นสเตนเลส - ชมพู,True,True,True,False,Stockable Product,Unit(s),,YH-16-008-Pink*6,Average Price,Unit(s),,,,,,,Saleable,Real Time (automated),113000,113000,411000,218100,511000,514000,116100
product.product_set_343,CCG 6 อัน ไซส์ 10 ซม. กระชอน / กระชอนสีก้นสเตนเลส - เขียว,True,True,True,False,Stockable Product,Unit(s),,YH-16-010-Green*6,Average Price,Unit(s),,,,,,,Saleable,Real Time (automated),113000,113000,411000,218100,511000,514000,116100
product.product_set_344,CCG 6 อัน ไซส์ 10 ซม. กระชอน / กระชอนสีก้นสเตนเลส - ส้ม,True,True,True,False,Stockable Product,Unit(s),,YH-16-010-Orange*6,Average Price,Unit(s),,,,,,,Saleable,Real Time (automated),113000,113000,411000,218100,511000,514000,116100
product.product_set_345,CCG 6 อัน ไซส์ 10 ซม. กระชอน / กระชอนสีก้นสเตนเลส - เหลือง,True,True,True,False,Stockable Product,Unit(s),,YH-16-010-Yellow*6,Average Price,Unit(s),,,,,,,Saleable,Real Time (automated),113000,113000,411000,218100,511000,514000,116100
product.product_set_346,FOFO 6 อัน ไซส์ 12 ซม. กระชอน / กระชอนสีก้นสเตนเลส - เขียว,True,True,True,False,Stockable Product,Unit(s),,YH-16-012-Green*6,Average Price,Unit(s),,,,,,,Saleable,Real Time (automated),113000,113000,411000,218100,511000,514000,116100
product.product_set_347,CCG 6 อัน ไซส์ 12 ซม. กระชอน / กระชอนสีก้นสเตนเลส - ส้ม,True,True,True,False,Stockable Product,Unit(s),,YH-16-012-Orange*6,Average Price,Unit(s),,,,,,,Saleable,Real Time (automated),113000,113000,411000,218100,511000,514000,116100
product.product_set_348,CCG 6 อัน ไซส์ 12 ซม. กระชอน / กระชอนสีก้นสเตนเลส - เหลือง,True,True,True,False,Stockable Product,Unit(s),,YH-16-012-Yellow*6,Average Price,Unit(s),,,,,,,Saleable,Real Time (automated),113000,113000,411000,218100,511000,514000,116100
product.product_set_349,CCG 2 อัน ไซส์ 16 ซม. กระชอน / กระชอนสีก้นสเตนเลส - เขียว,True,True,True,False,Stockable Product,Unit(s),,YH-16-016-Green*2,Average Price,Unit(s),,,,,,,Saleable,Real Time (automated),113000,113000,411000,218100,511000,514000,116100
product.product_set_350,CCG  2 อัน ไซส์ 16 ซม. กระชอน / กระชอนสีก้นสเตนเลส - ส้ม,True,True,True,False,Stockable Product,Unit(s),,YH-16-016-Orange*2,Average Price,Unit(s),,,,,,,Saleable,Real Time (automated),113000,113000,411000,218100,511000,514000,116100
product.product_set_351,CCG 2 อัน ไซส์ 16 ซม. กระชอน / กระชอนสีก้นสเตนเลส - เหลือง,True,True,True,False,Stockable Product,Unit(s),,YH-16-016-Yellow*2,Average Price,Unit(s),,,,,,,Saleable,Real Time (automated),113000,113000,411000,218100,511000,514000,116100
product.product_set_352,CCG 2 อัน ไซส์ 18 ซม. กระชอน / กระชอนสีก้นสเตนเลส - เขียว,True,True,True,False,Stockable Product,Unit(s),,YH-16-018-Green*2,Average Price,Unit(s),,,,,,,Saleable,Real Time (automated),113000,113000,411000,218100,511000,514000,116100
product.product_set_353,CCG 2 อัน ไซส์ 18 ซม. กระชอน / กระชอนสีก้นสเตนเลส - ส้ม,True,True,True,False,Stockable Product,Unit(s),,YH-16-018-Orange*2,Average Price,Unit(s),,,,,,,Saleable,Real Time (automated),113000,113000,411000,218100,511000,514000,116100
product.product_set_354,CCG 2 อัน ไซส์ 18 ซม. กระชอน / กระชอนสีก้นสเตนเลส - เหลือง,True,True,True,False,Stockable Product,Unit(s),,YH-16-018-Yellow*2,Average Price,Unit(s),,,,,,,Saleable,Real Time (automated),113000,113000,411000,218100,511000,514000,116100
product.product_set_355,CCG 2 อัน ไซส์ 20 ซม. กระชอน / กระชอนสีก้นสเตนเลส - เขียว,True,True,True,False,Stockable Product,Unit(s),,YH-16-020-Green*2,Average Price,Unit(s),,,,,,,Saleable,Real Time (automated),113000,113000,411000,218100,511000,514000,116100
product.product_set_356,CCG 2 อัน ไซส์ 20 ซม. กระชอน / กระชอนสีก้นสเตนเลส - ส้ม,True,True,True,False,Stockable Product,Unit(s),,YH-16-020-Orange*2,Average Price,Unit(s),,,,,,,Saleable,Real Time (automated),113000,113000,411000,218100,511000,514000,116100
product.product_set_357,CCG 2 อัน ไซส์ 20 ซม. กระชอน / กระชอนสีก้นสเตนเลส - เหลือง,True,True,True,False,Stockable Product,Unit(s),,YH-16-020-Yellow*2,Average Price,Unit(s),,,,,,,Saleable,Real Time (automated),113000,113000,411000,218100,511000,514000,116100
product.product_set_358,CCG 2 อัน ไซส์ 24 ซม. กระชอน / กระชอนสีก้นสเตนเลส - เขียว,True,True,True,False,Stockable Product,Unit(s),,YH-16-024-Green*2,Average Price,Unit(s),,,,,,,Saleable,Real Time (automated),113000,113000,411000,218100,511000,514000,116100
product.product_set_359,CCG 2 อัน ไซส์ 24 ซม. กระชอน / กระชอนสีก้นสเตนเลส - ส้ม,True,True,True,False,Stockable Product,Unit(s),,YH-16-024-Orange*2,Average Price,Unit(s),,,,,,,Saleable,Real Time (automated),113000,113000,411000,218100,511000,514000,116100
product.product_set_360,CCG 2 อัน ไซส์ 24 ซม. กระชอน / กระชอนสีก้นสเตนเลส - ชมพู,True,True,True,False,Stockable Product,Unit(s),,YH-16-024-Yellow*2,Average Price,Unit(s),,,,,,,Saleable,Real Time (automated),113000,113000,411000,218100,511000,514000,116100
product.product_set_361,CCG กรวยหยอดฝอยทอง (ใหญ่) 6 อัน/ชุด,True,True,True,False,Stockable Product,Unit(s),,YH-37-0013 - 6,Average Price,Unit(s),,,,,,,Saleable,Real Time (automated),113000,113000,411000,218100,511000,514000,116100
product.product_set_362,"CCG ชุด กรวยหยอดฝอยทอง (เล็ก, กลาง, ใหญ่)",True,True,True,False,Stockable Product,Unit(s),,YH-37-00131415,Average Price,Unit(s),,,,,,,Saleable,Real Time (automated),113000,113000,411000,218100,511000,514000,116100
product.product_set_363,CCG กรวยหยอดฝอยทอง (กลาง) 6 อัน/ชุด,True,True,True,False,Stockable Product,Unit(s),,YH-37-0014 - 6,Average Price,Unit(s),,,,,,,Saleable,Real Time (automated),113000,113000,411000,218100,511000,514000,116100
product.product_set_364,CCG กรวยหยอดฝอยทอง (เล็ก) 6 อัน/ชุด,True,True,True,False,Stockable Product,Unit(s),,YH-37-0015 - 6,Average Price,Unit(s),,,,,,,Saleable,Real Time (automated),113000,113000,411000,218100,511000,514000,116100
product.product_set_365,CCG มีด ด้ามดำ ปลายสันโค้ง ขนาด 6 นิ้ว (6 เล่ม/ชุด),True,True,True,False,Stockable Product,Unit(s),,YH-40-P444*12,Average Price,Unit(s),,,,,,,Saleable,Real Time (automated),113000,113000,411000,218100,511000,514000,116100
product.product_set_366,CCG มีด ด้ามดำ ปลายสันเฉียง +  ปลายสันโค้ง 6 นิ้ว 2 เล่ม/ชุด,True,True,True,False,Stockable Product,Unit(s),,YH-40-P444+P666,Average Price,Unit(s),,,,,,,Saleable,Real Time (automated),113000,113000,411000,218100,511000,514000,116100
product.product_set_367,CCG มีดปอกผลไม้ 2 คม 12 เล่ม,True,True,True,False,Stockable Product,Unit(s),,YH-53-0411,Average Price,Unit(s),,,,,,,Saleable,Real Time (automated),113000,113000,411000,218100,511000,514000,116100
